Category: 📺央视频道, Name: CCTV-1, Total: 31, Valid: 2, Valid Percent: 6.45%, Whitelist: 0, IPv4: 2, IPv6: 29, Min Delay: 68 ms, Max Speed: 15.30 M/s, Avg Speed: 9.71 M/s, Max Resolution: 1920x1080
Category: 📺央视频道, Name: CCTV-2, Total: 35, Valid: 3, Valid Percent: 8.57%, Whitelist: 0, IPv4: 3, IPv6: 32, Min Delay: 587 ms, Max Speed: 4.94 M/s, Avg Speed: 4.17 M/s, Max Resolution: 1920x1080
Category: 📺央视频道, Name: CCTV-3, Total: 44, Valid: 3, Valid Percent: 6.82%, Whitelist: 0, IPv4: 3, IPv6: 41, Min Delay: 67 ms, Max Speed: 14.95 M/s, Avg Speed: 8.78 M/s, Max Resolution: 1920x1080
Category: 📺央视频道, Name: CCTV-4, Total: 70, Valid: 3, Valid Percent: 4.29%, Whitelist: 0, IPv4: 3, IPv6: 67, Min Delay: 71 ms, Max Speed: 15.32 M/s, Avg Speed: 7.20 M/s, Max Resolution: 1920x1080
Category: 📺央视频道, Name: CCTV-5, Total: 80, Valid: 6, Valid Percent: 7.50%, Whitelist: 0, IPv4: 6, IPv6: 74, Min Delay: 90 ms, Max Speed: 13.17 M/s, Avg Speed: 5.88 M/s, Max Resolution: 1920x1080
Category: 📺央视频道, Name: CCTV-5+, Total: 12, Valid: 1, Valid Percent: 8.33%, Whitelist: 0, IPv4: 1, IPv6: 11, Min Delay: 69 ms, Max Speed: 12.79 M/s, Avg Speed: 12.79 M/s, Max Resolution: 1920x1080
Category: 📺央视频道, Name: CCTV-6, Total: 36, Valid: 1, Valid Percent: 2.78%, Whitelist: 0, IPv4: 1, IPv6: 35, Min Delay: 703 ms, Max Speed: 5.00 M/s, Avg Speed: 5.00 M/s, Max Resolution: 1920x1080
Category: 📺央视频道, Name: CCTV-7, Total: 30, Valid: 3, Valid Percent: 10.00%, Whitelist: 0, IPv4: 3, IPv6: 27, Min Delay: 93 ms, Max Speed: 14.28 M/s, Avg Speed: 7.77 M/s, Max Resolution: 1920x1080
Category: 📺央视频道, Name: CCTV-8, Total: 31, Valid: 2, Valid Percent: 6.45%, Whitelist: 0, IPv4: 2, IPv6: 29, Min Delay: 120 ms, Max Speed: 11.54 M/s, Avg Speed: 8.24 M/s, Max Resolution: 1920x1080
Category: 📺央视频道, Name: CCTV-9, Total: 32, Valid: 3, Valid Percent: 9.38%, Whitelist: 0, IPv4: 3, IPv6: 29, Min Delay: 97 ms, Max Speed: 12.49 M/s, Avg Speed: 7.10 M/s, Max Resolution: 1920x1080
Category: 📺央视频道, Name: CCTV-10, Total: 32, Valid: 4, Valid Percent: 12.50%, Whitelist: 0, IPv4: 4, IPv6: 28, Min Delay: 105 ms, Max Speed: 13.26 M/s, Avg Speed: 7.15 M/s, Max Resolution: 1920x1080
Category: 📺央视频道, Name: CCTV-11, Total: 34, Valid: 3, Valid Percent: 8.82%, Whitelist: 0, IPv4: 3, IPv6: 31, Min Delay: 380 ms, Max Speed: 12.83 M/s, Avg Speed: 8.53 M/s, Max Resolution: 1920x1080
Category: 📺央视频道, Name: CCTV-12, Total: 33, Valid: 3, Valid Percent: 9.09%, Whitelist: 0, IPv4: 3, IPv6: 30, Min Delay: 95 ms, Max Speed: 12.17 M/s, Avg Speed: 6.98 M/s, Max Resolution: 1920x1080
Category: 📺央视频道, Name: CCTV-13, Total: 36, Valid: 3, Valid Percent: 8.33%, Whitelist: 0, IPv4: 3, IPv6: 33, Min Delay: 70 ms, Max Speed: 13.66 M/s, Avg Speed: 6.26 M/s, Max Resolution: 1920x1080
Category: 📺央视频道, Name: CCTV-14, Total: 35, Valid: 3, Valid Percent: 8.57%, Whitelist: 0, IPv4: 3, IPv6: 32, Min Delay: 334 ms, Max Speed: 7.58 M/s, Avg Speed: 5.60 M/s, Max Resolution: 1920x1080
Category: 📺央视频道, Name: CCTV-15, Total: 36, Valid: 3, Valid Percent: 8.33%, Whitelist: 0, IPv4: 3, IPv6: 33, Min Delay: 114 ms, Max Speed: 12.04 M/s, Avg Speed: 7.82 M/s, Max Resolution: 1920x1080
Category: 📺央视频道, Name: CCTV-16, Total: 21, Valid: 4, Valid Percent: 19.05%, Whitelist: 0, IPv4: 4, IPv6: 17, Min Delay: 71 ms, Max Speed: 15.33 M/s, Avg Speed: 6.64 M/s, Max Resolution: 1920x1080
Category: 📺央视频道, Name: CCTV-17, Total: 33, Valid: 2, Valid Percent: 6.06%, Whitelist: 0, IPv4: 2, IPv6: 31, Min Delay: 621 ms, Max Speed: 5.10 M/s, Avg Speed: 4.47 M/s, Max Resolution: 1920x1080
Category: 📺央视频道, Name: CETV-1, Total: 31, Valid: 0, Valid Percent: 0.00%, Whitelist: 0, IPv4: 0, IPv6: 31, Min Delay: -1 ms, Max Speed: 0.00 M/s, Avg Speed: 0.00 M/s, Max Resolution: None
Category: 📺央视频道, Name: CETV-2, Total: 29, Valid: 0, Valid Percent: 0.00%, Whitelist: 0, IPv4: 0, IPv6: 29, Min Delay: -1 ms, Max Speed: 0.00 M/s, Avg Speed: 0.00 M/s, Max Resolution: None
Category: 📺央视频道, Name: CETV-3, Total: 6, Valid: 0, Valid Percent: 0.00%, Whitelist: 0, IPv4: 0, IPv6: 6, Min Delay: -1 ms, Max Speed: 0.00 M/s, Avg Speed: 0.00 M/s, Max Resolution: None
Category: 📺央视频道, Name: CETV-4, Total: 30, Valid: 1, Valid Percent: 3.33%, Whitelist: 0, IPv4: 1, IPv6: 29, Min Delay: 507 ms, Max Speed: 0.01 M/s, Avg Speed: 0.01 M/s, Max Resolution: 1920x1080
Category: 💰央视付费频道, Name: 文化精品, Total: 3, Valid: 1, Valid Percent: 33.33%, Whitelist: 0, IPv4: 1, IPv6: 2, Min Delay: 434 ms, Max Speed: 8.23 M/s, Avg Speed: 8.23 M/s, Max Resolution: 1920x1080
Category: 💰央视付费频道, Name: 央视台球, Total: 4, Valid: 1, Valid Percent: 25.00%, Whitelist: 0, IPv4: 1, IPv6: 3, Min Delay: 424 ms, Max Speed: 11.38 M/s, Avg Speed: 11.38 M/s, Max Resolution: 1920x1080
Category: 💰央视付费频道, Name: 风云音乐, Total: 3, Valid: 1, Valid Percent: 33.33%, Whitelist: 0, IPv4: 1, IPv6: 2, Min Delay: 376 ms, Max Speed: 9.17 M/s, Avg Speed: 9.17 M/s, Max Resolution: 1920x1080
Category: 💰央视付费频道, Name: 第一剧场, Total: 6, Valid: 1, Valid Percent: 16.67%, Whitelist: 0, IPv4: 1, IPv6: 5, Min Delay: 515 ms, Max Speed: 0.01 M/s, Avg Speed: 0.01 M/s, Max Resolution: 1920x1080
Category: 💰央视付费频道, Name: 风云剧场, Total: 3, Valid: 1, Valid Percent: 33.33%, Whitelist: 0, IPv4: 1, IPv6: 2, Min Delay: 368 ms, Max Speed: 9.72 M/s, Avg Speed: 9.72 M/s, Max Resolution: 1920x1080
Category: 💰央视付费频道, Name: 怀旧剧场, Total: 4, Valid: 2, Valid Percent: 50.00%, Whitelist: 0, IPv4: 2, IPv6: 2, Min Delay: 363 ms, Max Speed: 9.37 M/s, Avg Speed: 4.76 M/s, Max Resolution: 1920x1080
Category: 💰央视付费频道, Name: 女性时尚, Total: 2, Valid: 1, Valid Percent: 50.00%, Whitelist: 0, IPv4: 1, IPv6: 1, Min Delay: 356 ms, Max Speed: 4.98 M/s, Avg Speed: 4.98 M/s, Max Resolution: 1920x1080
Category: 💰央视付费频道, Name: 高尔夫网球, Total: 3, Valid: 1, Valid Percent: 33.33%, Whitelist: 0, IPv4: 1, IPv6: 2, Min Delay: 401 ms, Max Speed: 10.67 M/s, Avg Speed: 10.67 M/s, Max Resolution: 1920x1080
Category: 💰央视付费频道, Name: 风云足球, Total: 5, Valid: 1, Valid Percent: 20.00%, Whitelist: 0, IPv4: 1, IPv6: 4, Min Delay: 372 ms, Max Speed: 6.00 M/s, Avg Speed: 6.00 M/s, Max Resolution: 1920x1080
Category: 💰央视付费频道, Name: 电视指南, Total: 3, Valid: 2, Valid Percent: 66.67%, Whitelist: 0, IPv4: 2, IPv6: 1, Min Delay: 435 ms, Max Speed: 9.78 M/s, Avg Speed: 4.92 M/s, Max Resolution: 1920x1080
Category: 💰央视付费频道, Name: 世界地理, Total: 1, Valid: 1, Valid Percent: 100.00%, Whitelist: 0, IPv4: 1, IPv6: 0, Min Delay: 431 ms, Max Speed: 8.30 M/s, Avg Speed: 8.30 M/s, Max Resolution: 1920x1080
Category: 💰央视付费频道, Name: 兵器科技, Total: 4, Valid: 2, Valid Percent: 50.00%, Whitelist: 0, IPv4: 2, IPv6: 2, Min Delay: 420 ms, Max Speed: 9.60 M/s, Avg Speed: 4.92 M/s, Max Resolution: 1920x1080
Category: 📡卫视频道, Name: 广东卫视, Total: 42, Valid: 2, Valid Percent: 4.76%, Whitelist: 0, IPv4: 2, IPv6: 40, Min Delay: 408 ms, Max Speed: 10.39 M/s, Avg Speed: 7.25 M/s, Max Resolution: 1920x1080
Category: 📡卫视频道, Name: 香港卫视, Total: 12, Valid: 0, Valid Percent: 0.00%, Whitelist: 0, IPv4: 0, IPv6: 12, Min Delay: -1 ms, Max Speed: 0.00 M/s, Avg Speed: 0.00 M/s, Max Resolution: None
Category: 📡卫视频道, Name: 浙江卫视, Total: 65, Valid: 9, Valid Percent: 13.85%, Whitelist: 0, IPv4: 9, IPv6: 56, Min Delay: 64 ms, Max Speed: 21.23 M/s, Avg Speed: 6.75 M/s, Max Resolution: 1920x1080
Category: 📡卫视频道, Name: 湖南卫视, Total: 55, Valid: 6, Valid Percent: 10.91%, Whitelist: 0, IPv4: 6, IPv6: 49, Min Delay: 18 ms, Max Speed: 15.50 M/s, Avg Speed: 5.68 M/s, Max Resolution: 3840x2160
Category: 📡卫视频道, Name: 北京卫视, Total: 52, Valid: 4, Valid Percent: 7.69%, Whitelist: 0, IPv4: 4, IPv6: 48, Min Delay: 18 ms, Max Speed: 15.16 M/s, Avg Speed: 8.76 M/s, Max Resolution: 1920x1080
Category: 📡卫视频道, Name: 湖北卫视, Total: 38, Valid: 3, Valid Percent: 7.89%, Whitelist: 0, IPv4: 3, IPv6: 35, Min Delay: 106 ms, Max Speed: 13.06 M/s, Avg Speed: 7.32 M/s, Max Resolution: 1920x1080
Category: 📡卫视频道, Name: 黑龙江卫视, Total: 19, Valid: 2, Valid Percent: 10.53%, Whitelist: 0, IPv4: 2, IPv6: 17, Min Delay: 85 ms, Max Speed: 14.80 M/s, Avg Speed: 7.65 M/s, Max Resolution: 1920x1080
Category: 📡卫视频道, Name: 安徽卫视, Total: 18, Valid: 1, Valid Percent: 5.56%, Whitelist: 0, IPv4: 1, IPv6: 17, Min Delay: 1068 ms, Max Speed: 2.44 M/s, Avg Speed: 2.44 M/s, Max Resolution: 1920x1080
Category: 📡卫视频道, Name: 重庆卫视, Total: 17, Valid: 2, Valid Percent: 11.76%, Whitelist: 0, IPv4: 2, IPv6: 15, Min Delay: 78 ms, Max Speed: 16.39 M/s, Avg Speed: 9.92 M/s, Max Resolution: 1920x1080
Category: 📡卫视频道, Name: 东方卫视, Total: 39, Valid: 2, Valid Percent: 5.13%, Whitelist: 0, IPv4: 2, IPv6: 37, Min Delay: 71 ms, Max Speed: 16.10 M/s, Avg Speed: 10.51 M/s, Max Resolution: 1920x1080
Category: 📡卫视频道, Name: 东南卫视, Total: 19, Valid: 1, Valid Percent: 5.26%, Whitelist: 0, IPv4: 1, IPv6: 18, Min Delay: 622 ms, Max Speed: 3.57 M/s, Avg Speed: 3.57 M/s, Max Resolution: 1920x1080
Category: 📡卫视频道, Name: 甘肃卫视, Total: 15, Valid: 2, Valid Percent: 13.33%, Whitelist: 0, IPv4: 2, IPv6: 13, Min Delay: 59 ms, Max Speed: 16.59 M/s, Avg Speed: 12.58 M/s, Max Resolution: 1920x1080
Category: 📡卫视频道, Name: 广西卫视, Total: 19, Valid: 4, Valid Percent: 21.05%, Whitelist: 0, IPv4: 4, IPv6: 15, Min Delay: 74 ms, Max Speed: 14.82 M/s, Avg Speed: 7.19 M/s, Max Resolution: 1920x1080
Category: 📡卫视频道, Name: 贵州卫视, Total: 16, Valid: 2, Valid Percent: 12.50%, Whitelist: 0, IPv4: 2, IPv6: 14, Min Delay: 113 ms, Max Speed: 13.39 M/s, Avg Speed: 8.47 M/s, Max Resolution: 1920x1080
Category: 📡卫视频道, Name: 海南卫视, Total: 57, Valid: 1, Valid Percent: 1.75%, Whitelist: 0, IPv4: 1, IPv6: 56, Min Delay: 77 ms, Max Speed: 15.03 M/s, Avg Speed: 15.03 M/s, Max Resolution: 1920x1080
Category: 📡卫视频道, Name: 河北卫视, Total: 20, Valid: 1, Valid Percent: 5.00%, Whitelist: 0, IPv4: 1, IPv6: 19, Min Delay: 709 ms, Max Speed: 3.48 M/s, Avg Speed: 3.48 M/s, Max Resolution: 1920x1080
Category: 📡卫视频道, Name: 河南卫视, Total: 36, Valid: 2, Valid Percent: 5.56%, Whitelist: 0, IPv4: 2, IPv6: 34, Min Delay: 50 ms, Max Speed: 16.21 M/s, Avg Speed: 15.93 M/s, Max Resolution: 1920x1080
Category: 📡卫视频道, Name: 吉林卫视, Total: 36, Valid: 3, Valid Percent: 8.33%, Whitelist: 0, IPv4: 3, IPv6: 33, Min Delay: 66 ms, Max Speed: 16.64 M/s, Avg Speed: 11.24 M/s, Max Resolution: 1920x1080
Category: 📡卫视频道, Name: 江苏卫视, Total: 40, Valid: 2, Valid Percent: 5.00%, Whitelist: 0, IPv4: 2, IPv6: 38, Min Delay: 62 ms, Max Speed: 15.60 M/s, Avg Speed: 12.27 M/s, Max Resolution: 1920x1080
Category: 📡卫视频道, Name: 江西卫视, Total: 39, Valid: 2, Valid Percent: 5.13%, Whitelist: 0, IPv4: 2, IPv6: 37, Min Delay: 67 ms, Max Speed: 15.98 M/s, Avg Speed: 9.57 M/s, Max Resolution: 1920x1080
Category: 📡卫视频道, Name: 辽宁卫视, Total: 41, Valid: 3, Valid Percent: 7.32%, Whitelist: 0, IPv4: 3, IPv6: 38, Min Delay: 71 ms, Max Speed: 16.43 M/s, Avg Speed: 8.22 M/s, Max Resolution: 1920x1080
Category: 📡卫视频道, Name: 内蒙古卫视, Total: 35, Valid: 3, Valid Percent: 8.57%, Whitelist: 0, IPv4: 3, IPv6: 32, Min Delay: 74 ms, Max Speed: 15.24 M/s, Avg Speed: 8.60 M/s, Max Resolution: 1920x1080
Category: 📡卫视频道, Name: 宁夏卫视, Total: 30, Valid: 2, Valid Percent: 6.67%, Whitelist: 0, IPv4: 2, IPv6: 28, Min Delay: 84 ms, Max Speed: 15.43 M/s, Avg Speed: 11.64 M/s, Max Resolution: 1920x1080
Category: 📡卫视频道, Name: 青海卫视, Total: 35, Valid: 2, Valid Percent: 5.71%, Whitelist: 0, IPv4: 2, IPv6: 33, Min Delay: 387 ms, Max Speed: 7.46 M/s, Avg Speed: 5.48 M/s, Max Resolution: 1920x1080
Category: 📡卫视频道, Name: 山东卫视, Total: 18, Valid: 2, Valid Percent: 11.11%, Whitelist: 0, IPv4: 2, IPv6: 16, Min Delay: 74 ms, Max Speed: 15.26 M/s, Avg Speed: 12.23 M/s, Max Resolution: 1920x1080
Category: 📡卫视频道, Name: 山西卫视, Total: 14, Valid: 2, Valid Percent: 14.29%, Whitelist: 0, IPv4: 2, IPv6: 12, Min Delay: 332 ms, Max Speed: 5.86 M/s, Avg Speed: 4.93 M/s, Max Resolution: 1920x1080
Category: 📡卫视频道, Name: 陕西卫视, Total: 34, Valid: 3, Valid Percent: 8.82%, Whitelist: 0, IPv4: 3, IPv6: 31, Min Delay: 109 ms, Max Speed: 12.56 M/s, Avg Speed: 9.17 M/s, Max Resolution: 1920x1080
Category: 📡卫视频道, Name: 四川卫视, Total: 19, Valid: 3, Valid Percent: 15.79%, Whitelist: 0, IPv4: 3, IPv6: 16, Min Delay: 19 ms, Max Speed: 12.98 M/s, Avg Speed: 6.20 M/s, Max Resolution: 1920x1080
Category: 📡卫视频道, Name: 深圳卫视, Total: 26, Valid: 5, Valid Percent: 19.23%, Whitelist: 0, IPv4: 5, IPv6: 21, Min Delay: 69 ms, Max Speed: 14.51 M/s, Avg Speed: 6.17 M/s, Max Resolution: 1920x1080
Category: 📡卫视频道, Name: 三沙卫视, Total: 26, Valid: 1, Valid Percent: 3.85%, Whitelist: 0, IPv4: 1, IPv6: 25, Min Delay: 649 ms, Max Speed: 7.74 M/s, Avg Speed: 7.74 M/s, Max Resolution: 1920x1080
Category: 📡卫视频道, Name: 天津卫视, Total: 20, Valid: 3, Valid Percent: 15.00%, Whitelist: 0, IPv4: 3, IPv6: 17, Min Delay: 63 ms, Max Speed: 16.19 M/s, Avg Speed: 8.38 M/s, Max Resolution: 1920x1080
Category: 📡卫视频道, Name: 西藏卫视, Total: 5, Valid: 1, Valid Percent: 20.00%, Whitelist: 0, IPv4: 1, IPv6: 4, Min Delay: 61 ms, Max Speed: 16.72 M/s, Avg Speed: 16.72 M/s, Max Resolution: 1920x1080
Category: 📡卫视频道, Name: 新疆卫视, Total: 16, Valid: 1, Valid Percent: 6.25%, Whitelist: 0, IPv4: 1, IPv6: 15, Min Delay: 89 ms, Max Speed: 14.89 M/s, Avg Speed: 14.89 M/s, Max Resolution: 1920x1080
Category: 📡卫视频道, Name: 云南卫视, Total: 16, Valid: 3, Valid Percent: 18.75%, Whitelist: 0, IPv4: 3, IPv6: 13, Min Delay: 85 ms, Max Speed: 15.72 M/s, Avg Speed: 8.35 M/s, Max Resolution: 1920x1080
Category: ☘️广东频道, Name: 广东珠江, Total: 31, Valid: 0, Valid Percent: 0.00%, Whitelist: 0, IPv4: 0, IPv6: 31, Min Delay: -1 ms, Max Speed: 0.00 M/s, Avg Speed: 0.00 M/s, Max Resolution: None
Category: ☘️广东频道, Name: 广东体育, Total: 54, Valid: 0, Valid Percent: 0.00%, Whitelist: 0, IPv4: 0, IPv6: 54, Min Delay: -1 ms, Max Speed: 0.00 M/s, Avg Speed: 0.00 M/s, Max Resolution: None
Category: ☘️广东频道, Name: 广东新闻, Total: 31, Valid: 0, Valid Percent: 0.00%, Whitelist: 0, IPv4: 0, IPv6: 31, Min Delay: -1 ms, Max Speed: 0.00 M/s, Avg Speed: 0.00 M/s, Max Resolution: None
Category: ☘️广东频道, Name: 广东卫视, Total: 40, Valid: 0, Valid Percent: 0.00%, Whitelist: 0, IPv4: 0, IPv6: 40, Min Delay: -1 ms, Max Speed: 0.00 M/s, Avg Speed: 0.00 M/s, Max Resolution: None
Category: ☘️广东频道, Name: 广东民生, Total: 30, Valid: 0, Valid Percent: 0.00%, Whitelist: 0, IPv4: 0, IPv6: 30, Min Delay: -1 ms, Max Speed: 0.00 M/s, Avg Speed: 0.00 M/s, Max Resolution: None
Category: ☘️广东频道, Name: 大湾区卫视, Total: 29, Valid: 0, Valid Percent: 0.00%, Whitelist: 0, IPv4: 0, IPv6: 29, Min Delay: -1 ms, Max Speed: 0.00 M/s, Avg Speed: 0.00 M/s, Max Resolution: None
Category: ☘️广东频道, Name: 广州综合, Total: 8, Valid: 0, Valid Percent: 0.00%, Whitelist: 0, IPv4: 0, IPv6: 8, Min Delay: -1 ms, Max Speed: 0.00 M/s, Avg Speed: 0.00 M/s, Max Resolution: None
Category: ☘️广东频道, Name: 广州影视, Total: 7, Valid: 0, Valid Percent: 0.00%, Whitelist: 0, IPv4: 0, IPv6: 7, Min Delay: -1 ms, Max Speed: 0.00 M/s, Avg Speed: 0.00 M/s, Max Resolution: None
Category: ☘️广东频道, Name: 广州竞赛, Total: 9, Valid: 0, Valid Percent: 0.00%, Whitelist: 0, IPv4: 0, IPv6: 9, Min Delay: -1 ms, Max Speed: 0.00 M/s, Avg Speed: 0.00 M/s, Max Resolution: None
Category: ☘️广东频道, Name: 江门综合, Total: 8, Valid: 0, Valid Percent: 0.00%, Whitelist: 0, IPv4: 0, IPv6: 8, Min Delay: -1 ms, Max Speed: 0.00 M/s, Avg Speed: 0.00 M/s, Max Resolution: None
Category: ☘️广东频道, Name: 佛山综合, Total: 7, Valid: 0, Valid Percent: 0.00%, Whitelist: 0, IPv4: 0, IPv6: 7, Min Delay: -1 ms, Max Speed: 0.00 M/s, Avg Speed: 0.00 M/s, Max Resolution: None
Category: ☘️广东频道, Name: 深圳卫视, Total: 21, Valid: 0, Valid Percent: 0.00%, Whitelist: 0, IPv4: 0, IPv6: 21, Min Delay: -1 ms, Max Speed: 0.00 M/s, Avg Speed: 0.00 M/s, Max Resolution: None
Category: ☘️广东频道, Name: 汕头综合, Total: 9, Valid: 0, Valid Percent: 0.00%, Whitelist: 0, IPv4: 0, IPv6: 9, Min Delay: -1 ms, Max Speed: 0.00 M/s, Avg Speed: 0.00 M/s, Max Resolution: None
Category: ☘️广东频道, Name: 汕头经济, Total: 6, Valid: 0, Valid Percent: 0.00%, Whitelist: 0, IPv4: 0, IPv6: 6, Min Delay: -1 ms, Max Speed: 0.00 M/s, Avg Speed: 0.00 M/s, Max Resolution: None
Category: ☘️浙江频道, Name: 浙江钱江, Total: 7, Valid: 4, Valid Percent: 57.14%, Whitelist: 0, IPv4: 4, IPv6: 3, Min Delay: 1699 ms, Max Speed: 1.04 M/s, Avg Speed: 0.96 M/s, Max Resolution: 1920x1080
Category: ☘️浙江频道, Name: 浙江钱江都市, Total: 1, Valid: 1, Valid Percent: 100.00%, Whitelist: 0, IPv4: 1, IPv6: 0, Min Delay: 2465 ms, Max Speed: 2.30 M/s, Avg Speed: 2.30 M/s, Max Resolution: 1920x1080
Category: ☘️浙江频道, Name: 浙江生活, Total: 7, Valid: 3, Valid Percent: 42.86%, Whitelist: 0, IPv4: 3, IPv6: 4, Min Delay: 1766 ms, Max Speed: 1.07 M/s, Avg Speed: 0.99 M/s, Max Resolution: 1920x1080
Category: ☘️浙江频道, Name: 浙江经济生活, Total: 3, Valid: 2, Valid Percent: 66.67%, Whitelist: 0, IPv4: 2, IPv6: 1, Min Delay: 1878 ms, Max Speed: 2.52 M/s, Avg Speed: 1.97 M/s, Max Resolution: 1920x1080
Category: ☘️浙江频道, Name: 浙江教育, Total: 2, Valid: 2, Valid Percent: 100.00%, Whitelist: 0, IPv4: 2, IPv6: 0, Min Delay: 1905 ms, Max Speed: 0.95 M/s, Avg Speed: 0.93 M/s, Max Resolution: 1920x1080
Category: ☘️浙江频道, Name: 浙江民生, Total: 4, Valid: 4, Valid Percent: 100.00%, Whitelist: 0, IPv4: 4, IPv6: 0, Min Delay: 1830 ms, Max Speed: 1.26 M/s, Avg Speed: 1.10 M/s, Max Resolution: 1920x1080
Category: ☘️浙江频道, Name: 浙江新闻, Total: 11, Valid: 5, Valid Percent: 45.45%, Whitelist: 0, IPv4: 5, IPv6: 6, Min Delay: 1696 ms, Max Speed: 1.41 M/s, Avg Speed: 1.03 M/s, Max Resolution: 1920x1080
Category: ☘️浙江频道, Name: 浙江少儿, Total: 7, Valid: 3, Valid Percent: 42.86%, Whitelist: 0, IPv4: 3, IPv6: 4, Min Delay: 1727 ms, Max Speed: 1.04 M/s, Avg Speed: 0.97 M/s, Max Resolution: 1920x1080
Category: ☘️浙江频道, Name: 杭州综合, Total: 2, Valid: 0, Valid Percent: 0.00%, Whitelist: 0, IPv4: 0, IPv6: 2, Min Delay: -1 ms, Max Speed: 0.00 M/s, Avg Speed: 0.00 M/s, Max Resolution: None
Category: ☘️浙江频道, Name: 杭州明珠, Total: 2, Valid: 0, Valid Percent: 0.00%, Whitelist: 0, IPv4: 0, IPv6: 2, Min Delay: -1 ms, Max Speed: 0.00 M/s, Avg Speed: 0.00 M/s, Max Resolution: None
Category: ☘️浙江频道, Name: 杭州生活, Total: 3, Valid: 0, Valid Percent: 0.00%, Whitelist: 0, IPv4: 0, IPv6: 3, Min Delay: -1 ms, Max Speed: 0.00 M/s, Avg Speed: 0.00 M/s, Max Resolution: None
Category: ☘️浙江频道, Name: 杭州影视, Total: 1, Valid: 0, Valid Percent: 0.00%, Whitelist: 0, IPv4: 0, IPv6: 1, Min Delay: -1 ms, Max Speed: 0.00 M/s, Avg Speed: 0.00 M/s, Max Resolution: None
Category: ☘️浙江频道, Name: 浙江教科, Total: 1, Valid: 1, Valid Percent: 100.00%, Whitelist: 0, IPv4: 1, IPv6: 0, Min Delay: 1723 ms, Max Speed: 1.00 M/s, Avg Speed: 1.00 M/s, Max Resolution: 1920x1080
Category: ☘️浙江频道, Name: 之江纪录, Total: 3, Valid: 3, Valid Percent: 100.00%, Whitelist: 0, IPv4: 3, IPv6: 0, Min Delay: 1764 ms, Max Speed: 2.84 M/s, Avg Speed: 1.57 M/s, Max Resolution: 1920x1080
Category: ☘️浙江频道, Name: 浙江国际, Total: 10, Valid: 5, Valid Percent: 50.00%, Whitelist: 0, IPv4: 5, IPv6: 5, Min Delay: 1738 ms, Max Speed: 2.79 M/s, Avg Speed: 1.24 M/s, Max Resolution: 1920x1080
Category: ☘️浙江频道, Name: 嘉兴新闻综合, Total: 2, Valid: 1, Valid Percent: 50.00%, Whitelist: 0, IPv4: 1, IPv6: 1, Min Delay: 2310 ms, Max Speed: 0.12 M/s, Avg Speed: 0.12 M/s, Max Resolution: 1920x1080
Category: ☘️浙江频道, Name: 湖州公共, Total: 3, Valid: 0, Valid Percent: 0.00%, Whitelist: 0, IPv4: 0, IPv6: 3, Min Delay: -1 ms, Max Speed: 0.00 M/s, Avg Speed: 0.00 M/s, Max Resolution: None
Category: ☘️浙江频道, Name: 湖州新闻综合, Total: 3, Valid: 3, Valid Percent: 100.00%, Whitelist: 0, IPv4: 3, IPv6: 0, Min Delay: 1032 ms, Max Speed: 0.15 M/s, Avg Speed: 0.13 M/s, Max Resolution: 1280x720
Category: ☘️浙江频道, Name: 湖州文化娱乐, Total: 3, Valid: 3, Valid Percent: 100.00%, Whitelist: 0, IPv4: 3, IPv6: 0, Min Delay: 1142 ms, Max Speed: 0.17 M/s, Avg Speed: 0.16 M/s, Max Resolution: 1280x720
Category: ☘️浙江频道, Name: 浙江留学, Total: 1, Valid: 1, Valid Percent: 100.00%, Whitelist: 0, IPv4: 1, IPv6: 0, Min Delay: 1494 ms, Max Speed: 0.26 M/s, Avg Speed: 0.26 M/s, Max Resolution: 1920x1080
Category: ☘️浙江频道, Name: 浙江民生休闲, Total: 7, Valid: 1, Valid Percent: 14.29%, Whitelist: 0, IPv4: 1, IPv6: 6, Min Delay: 2335 ms, Max Speed: 1.37 M/s, Avg Speed: 1.37 M/s, Max Resolution: 1920x1080
Category: ☘️浙江频道, Name: 浙江数码时代, Total: 1, Valid: 1, Valid Percent: 100.00%, Whitelist: 0, IPv4: 1, IPv6: 0, Min Delay: 1869 ms, Max Speed: 0.91 M/s, Avg Speed: 0.91 M/s, Max Resolution: 1920x1080
Category: ☘️浙江频道, Name: 浙江教科影院, Total: 1, Valid: 1, Valid Percent: 100.00%, Whitelist: 0, IPv4: 1, IPv6: 0, Min Delay: 1785 ms, Max Speed: 0.99 M/s, Avg Speed: 0.99 M/s, Max Resolution: 1920x1080
Category: ☘️浙江频道, Name: 浙江教科影视, Total: 2, Valid: 2, Valid Percent: 100.00%, Whitelist: 0, IPv4: 2, IPv6: 0, Min Delay: 222 ms, Max Speed: 8.90 M/s, Avg Speed: 4.84 M/s, Max Resolution: 1920x1080
Category: ☘️浙江频道, Name: 浙江公共新闻, Total: 4, Valid: 1, Valid Percent: 25.00%, Whitelist: 0, IPv4: 1, IPv6: 3, Min Delay: 1927 ms, Max Speed: 1.62 M/s, Avg Speed: 1.62 M/s, Max Resolution: 1920x1080
Category: ☘️浙江频道, Name: 浙江休闲台, Total: 1, Valid: 1, Valid Percent: 100.00%, Whitelist: 0, IPv4: 1, IPv6: 0, Min Delay: 1745 ms, Max Speed: 0.81 M/s, Avg Speed: 0.81 M/s, Max Resolution: 1280x720
Category: ☘️浙江频道, Name: 浙江青田, Total: 1, Valid: 1, Valid Percent: 100.00%, Whitelist: 0, IPv4: 1, IPv6: 0, Min Delay: 2441 ms, Max Speed: 0.36 M/s, Avg Speed: 0.36 M/s, Max Resolution: 1920x1080
Category: ☘️浙江频道, Name: 浙江遂昌, Total: 1, Valid: 1, Valid Percent: 100.00%, Whitelist: 0, IPv4: 1, IPv6: 0, Min Delay: 2088 ms, Max Speed: 0.43 M/s, Avg Speed: 0.43 M/s, Max Resolution: 1920x1080
Category: ☘️浙江频道, Name: 诸暨新闻综合, Total: 1, Valid: 1, Valid Percent: 100.00%, Whitelist: 0, IPv4: 1, IPv6: 0, Min Delay: 3652 ms, Max Speed: 0.83 M/s, Avg Speed: 0.83 M/s, Max Resolution: 1920x1080
Category: ☘️浙江频道, Name: 龙游生活娱乐, Total: 3, Valid: 3, Valid Percent: 100.00%, Whitelist: 0, IPv4: 3, IPv6: 0, Min Delay: 3168 ms, Max Speed: 0.77 M/s, Avg Speed: 0.74 M/s, Max Resolution: 1280x720
Category: ☘️浙江频道, Name: 龙游新闻综合, Total: 2, Valid: 2, Valid Percent: 100.00%, Whitelist: 0, IPv4: 2, IPv6: 0, Min Delay: 3131 ms, Max Speed: 0.75 M/s, Avg Speed: 0.73 M/s, Max Resolution: 1280x720
Category: ☘️浙江频道, Name: 龙泉新闻综合, Total: 1, Valid: 1, Valid Percent: 100.00%, Whitelist: 0, IPv4: 1, IPv6: 0, Min Delay: 2684 ms, Max Speed: 0.64 M/s, Avg Speed: 0.64 M/s, Max Resolution: 1920x1080
Category: ☘️浙江频道, Name: 遂昌综合, Total: 1, Valid: 1, Valid Percent: 100.00%, Whitelist: 0, IPv4: 1, IPv6: 0, Min Delay: 2038 ms, Max Speed: 0.44 M/s, Avg Speed: 0.44 M/s, Max Resolution: 1920x1080
Category: ☘️浙江频道, Name: 象山综合, Total: 2, Valid: 2, Valid Percent: 100.00%, Whitelist: 0, IPv4: 2, IPv6: 0, Min Delay: 703 ms, Max Speed: 2.10 M/s, Avg Speed: 1.37 M/s, Max Resolution: 1920x1080
Category: ☘️浙江频道, Name: 衢江新闻综合, Total: 4, Valid: 0, Valid Percent: 0.00%, Whitelist: 0, IPv4: 0, IPv6: 4, Min Delay: -1 ms, Max Speed: 0.00 M/s, Avg Speed: 0.00 M/s, Max Resolution: None
Category: ☘️浙江频道, Name: 萧山生活, Total: 3, Valid: 3, Valid Percent: 100.00%, Whitelist: 0, IPv4: 3, IPv6: 0, Min Delay: 2880 ms, Max Speed: 0.77 M/s, Avg Speed: 0.76 M/s, Max Resolution: 1280x720
Category: ☘️浙江频道, Name: 萧山新闻综合, Total: 8, Valid: 0, Valid Percent: 0.00%, Whitelist: 0, IPv4: 0, IPv6: 8, Min Delay: -1 ms, Max Speed: 0.00 M/s, Avg Speed: 0.00 M/s, Max Resolution: None
Category: ☘️浙江频道, Name: 苍南新闻综合, Total: 4, Valid: 0, Valid Percent: 0.00%, Whitelist: 0, IPv4: 0, IPv6: 4, Min Delay: -1 ms, Max Speed: 0.00 M/s, Avg Speed: 0.00 M/s, Max Resolution: None
Category: ☘️浙江频道, Name: 缙云综合, Total: 2, Valid: 2, Valid Percent: 100.00%, Whitelist: 0, IPv4: 2, IPv6: 0, Min Delay: 2602 ms, Max Speed: 0.63 M/s, Avg Speed: 0.61 M/s, Max Resolution: 1280x720
Category: ☘️浙江频道, Name: 缙云新闻综合, Total: 1, Valid: 1, Valid Percent: 100.00%, Whitelist: 0, IPv4: 1, IPv6: 0, Min Delay: 2660 ms, Max Speed: 0.61 M/s, Avg Speed: 0.61 M/s, Max Resolution: 1280x720
Category: ☘️浙江频道, Name: 绍兴电视台公共, Total: 1, Valid: 1, Valid Percent: 100.00%, Whitelist: 0, IPv4: 1, IPv6: 0, Min Delay: 8798 ms, Max Speed: 0.10 M/s, Avg Speed: 0.10 M/s, Max Resolution: 1280x720
Category: ☘️浙江频道, Name: 绍兴新闻综合, Total: 3, Valid: 0, Valid Percent: 0.00%, Whitelist: 0, IPv4: 0, IPv6: 3, Min Delay: -1 ms, Max Speed: 0.00 M/s, Avg Speed: 0.00 M/s, Max Resolution: None
Category: ☘️浙江频道, Name: 绍兴文化影院, Total: 4, Valid: 0, Valid Percent: 0.00%, Whitelist: 0, IPv4: 0, IPv6: 4, Min Delay: -1 ms, Max Speed: 0.00 M/s, Avg Speed: 0.00 M/s, Max Resolution: None
Category: ☘️浙江频道, Name: 绍兴文化影视, Total: 1, Valid: 0, Valid Percent: 0.00%, Whitelist: 0, IPv4: 0, IPv6: 1, Min Delay: -1 ms, Max Speed: 0.00 M/s, Avg Speed: 0.00 M/s, Max Resolution: None
Category: ☘️浙江频道, Name: 绍兴公共, Total: 5, Valid: 0, Valid Percent: 0.00%, Whitelist: 0, IPv4: 0, IPv6: 5, Min Delay: -1 ms, Max Speed: 0.00 M/s, Avg Speed: 0.00 M/s, Max Resolution: None
Category: ☘️浙江频道, Name: 湖州公共民生, Total: 1, Valid: 1, Valid Percent: 100.00%, Whitelist: 0, IPv4: 1, IPv6: 0, Min Delay: 1068 ms, Max Speed: 0.14 M/s, Avg Speed: 0.14 M/s, Max Resolution: 1280x720
Category: ☘️浙江频道, Name: 海宁新闻综合, Total: 3, Valid: 3, Valid Percent: 100.00%, Whitelist: 0, IPv4: 3, IPv6: 0, Min Delay: 137 ms, Max Speed: 0.90 M/s, Avg Speed: 0.49 M/s, Max Resolution: 1280x720
Category: ☘️浙江频道, Name: 洞头综合, Total: 2, Valid: 2, Valid Percent: 100.00%, Whitelist: 0, IPv4: 2, IPv6: 0, Min Delay: 2532 ms, Max Speed: 0.67 M/s, Avg Speed: 0.64 M/s, Max Resolution: 720x540
Category: ☘️浙江频道, Name: 永嘉新闻综合, Total: 3, Valid: 0, Valid Percent: 0.00%, Whitelist: 0, IPv4: 0, IPv6: 3, Min Delay: -1 ms, Max Speed: 0.00 M/s, Avg Speed: 0.00 M/s, Max Resolution: None
Category: ☘️浙江频道, Name: 武义新闻综合, Total: 1, Valid: 0, Valid Percent: 0.00%, Whitelist: 0, IPv4: 0, IPv6: 1, Min Delay: -1 ms, Max Speed: 0.00 M/s, Avg Speed: 0.00 M/s, Max Resolution: None
Category: ☘️浙江频道, Name: 松阳综合, Total: 3, Valid: 3, Valid Percent: 100.00%, Whitelist: 0, IPv4: 3, IPv6: 0, Min Delay: 6974 ms, Max Speed: 1.19 M/s, Avg Speed: 1.16 M/s, Max Resolution: 1920x1080
Category: ☘️浙江频道, Name: 普陀电视台, Total: 2, Valid: 2, Valid Percent: 100.00%, Whitelist: 0, IPv4: 2, IPv6: 0, Min Delay: 2499 ms, Max Speed: 0.64 M/s, Avg Speed: 0.63 M/s, Max Resolution: 1280x720
Category: ☘️浙江频道, Name: 普陀新闻综合, Total: 1, Valid: 1, Valid Percent: 100.00%, Whitelist: 0, IPv4: 1, IPv6: 0, Min Delay: 2702 ms, Max Speed: 0.62 M/s, Avg Speed: 0.62 M/s, Max Resolution: 1280x720
Category: ☘️浙江频道, Name: 新昌生活, Total: 1, Valid: 1, Valid Percent: 100.00%, Whitelist: 0, IPv4: 1, IPv6: 0, Min Delay: 2172 ms, Max Speed: 0.48 M/s, Avg Speed: 0.48 M/s, Max Resolution: 1920x1080
Category: ☘️浙江频道, Name: 新昌新闻综合, Total: 2, Valid: 0, Valid Percent: 0.00%, Whitelist: 0, IPv4: 0, IPv6: 2, Min Delay: -1 ms, Max Speed: 0.00 M/s, Avg Speed: 0.00 M/s, Max Resolution: None
Category: ☘️浙江频道, Name: 文成综合, Total: 2, Valid: 2, Valid Percent: 100.00%, Whitelist: 0, IPv4: 2, IPv6: 0, Min Delay: 2603 ms, Max Speed: 0.64 M/s, Avg Speed: 0.63 M/s, Max Resolution: 1280x720
Category: ☘️浙江频道, Name: 文成新闻综合, Total: 1, Valid: 1, Valid Percent: 100.00%, Whitelist: 0, IPv4: 1, IPv6: 0, Min Delay: 2510 ms, Max Speed: 0.64 M/s, Avg Speed: 0.64 M/s, Max Resolution: 1280x720
Category: ☘️浙江频道, Name: 数码时代, Total: 1, Valid: 1, Valid Percent: 100.00%, Whitelist: 0, IPv4: 1, IPv6: 0, Min Delay: 1919 ms, Max Speed: 1.21 M/s, Avg Speed: 1.21 M/s, Max Resolution: 1280x720
Category: ☘️浙江频道, Name: 开化新闻综合, Total: 2, Valid: 0, Valid Percent: 0.00%, Whitelist: 0, IPv4: 0, IPv6: 2, Min Delay: -1 ms, Max Speed: 0.00 M/s, Avg Speed: 0.00 M/s, Max Resolution: None
Category: ☘️浙江频道, Name: 开化国家公园, Total: 4, Valid: 4, Valid Percent: 100.00%, Whitelist: 0, IPv4: 4, IPv6: 0, Min Delay: 2562 ms, Max Speed: 0.63 M/s, Avg Speed: 0.62 M/s, Max Resolution: 1280x720
Category: ☘️浙江频道, Name: 庆元综合, Total: 1, Valid: 1, Valid Percent: 100.00%, Whitelist: 0, IPv4: 1, IPv6: 0, Min Delay: 2991 ms, Max Speed: 0.77 M/s, Avg Speed: 0.77 M/s, Max Resolution: 1920x1080
Category: ☘️浙江频道, Name: 平湖民生休闲, Total: 2, Valid: 2, Valid Percent: 100.00%, Whitelist: 0, IPv4: 2, IPv6: 0, Min Delay: 1713 ms, Max Speed: 0.20 M/s, Avg Speed: 0.18 M/s, Max Resolution: 1280x720
Category: ☘️浙江频道, Name: 平湖新闻综合, Total: 4, Valid: 0, Valid Percent: 0.00%, Whitelist: 0, IPv4: 0, IPv6: 4, Min Delay: -1 ms, Max Speed: 0.00 M/s, Avg Speed: 0.00 M/s, Max Resolution: None
Category: ☘️浙江频道, Name: 嵊泗综合, Total: 3, Valid: 1, Valid Percent: 33.33%, Whitelist: 0, IPv4: 1, IPv6: 2, Min Delay: 3434 ms, Max Speed: 0.57 M/s, Avg Speed: 0.57 M/s, Max Resolution: 720x576
Category: ☘️浙江频道, Name: 嵊州新闻综合, Total: 1, Valid: 0, Valid Percent: 0.00%, Whitelist: 0, IPv4: 0, IPv6: 1, Min Delay: -1 ms, Max Speed: 0.00 M/s, Avg Speed: 0.00 M/s, Max Resolution: None
Category: ☘️浙江频道, Name: 兰溪新闻综合, Total: 2, Valid: 0, Valid Percent: 0.00%, Whitelist: 0, IPv4: 0, IPv6: 2, Min Delay: -1 ms, Max Speed: 0.00 M/s, Avg Speed: 0.00 M/s, Max Resolution: None
Category: ☘️浙江频道, Name: 余杭综合, Total: 1, Valid: 1, Valid Percent: 100.00%, Whitelist: 0, IPv4: 1, IPv6: 0, Min Delay: 2374 ms, Max Speed: 0.52 M/s, Avg Speed: 0.52 M/s, Max Resolution: 1920x1080
Category: ☘️浙江频道, Name: 余杭未来E, Total: 1, Valid: 1, Valid Percent: 100.00%, Whitelist: 0, IPv4: 1, IPv6: 0, Min Delay: 3332 ms, Max Speed: 0.67 M/s, Avg Speed: 0.67 M/s, Max Resolution: 1920x1080
Category: ☘️浙江频道, Name: 余姚综合, Total: 2, Valid: 2, Valid Percent: 100.00%, Whitelist: 0, IPv4: 2, IPv6: 0, Min Delay: 2595 ms, Max Speed: 0.66 M/s, Avg Speed: 0.66 M/s, Max Resolution: 1920x1080
Category: ☘️浙江频道, Name: 余姚新闻综合, Total: 1, Valid: 1, Valid Percent: 100.00%, Whitelist: 0, IPv4: 1, IPv6: 0, Min Delay: 2723 ms, Max Speed: 0.66 M/s, Avg Speed: 0.66 M/s, Max Resolution: 1920x1080
Category: ☘️浙江频道, Name: 云和新闻综合, Total: 2, Valid: 2, Valid Percent: 100.00%, Whitelist: 0, IPv4: 2, IPv6: 0, Min Delay: 3091 ms, Max Speed: 0.83 M/s, Avg Speed: 0.82 M/s, Max Resolution: 1280x720
Category: ☘️浙江频道, Name: 中国蓝新闻, Total: 2, Valid: 2, Valid Percent: 100.00%, Whitelist: 0, IPv4: 2, IPv6: 0, Min Delay: 1484 ms, Max Speed: 0.27 M/s, Avg Speed: 0.27 M/s, Max Resolution: 1920x1080
Category: ☘️浙江频道, Name: 东阳影视生活, Total: 1, Valid: 1, Valid Percent: 100.00%, Whitelist: 0, IPv4: 1, IPv6: 0, Min Delay: 3749 ms, Max Speed: 0.89 M/s, Avg Speed: 0.89 M/s, Max Resolution: 1280x720
Category: ☘️浙江频道, Name: 上虞新闻综合, Total: 2, Valid: 2, Valid Percent: 100.00%, Whitelist: 0, IPv4: 2, IPv6: 0, Min Delay: 3635 ms, Max Speed: 0.93 M/s, Avg Speed: 0.92 M/s, Max Resolution: 1920x1080
Category: ☘️浙江频道, Name: 上虞新商都, Total: 6, Valid: 1, Valid Percent: 16.67%, Whitelist: 0, IPv4: 1, IPv6: 5, Min Delay: 3882 ms, Max Speed: 0.85 M/s, Avg Speed: 0.85 M/s, Max Resolution: 1920x1080
Category: ☘️浙江频道, Name: 上虞文化影院, Total: 5, Valid: 1, Valid Percent: 20.00%, Whitelist: 0, IPv4: 1, IPv6: 4, Min Delay: 8208 ms, Max Speed: 0.64 M/s, Avg Speed: 0.64 M/s, Max Resolution: 1920x1080
Category: ☘️北京频道, Name: 北京卡酷少儿, Total: 30, Valid: 0, Valid Percent: 0.00%, Whitelist: 0, IPv4: 0, IPv6: 30, Min Delay: -1 ms, Max Speed: 0.00 M/s, Avg Speed: 0.00 M/s, Max Resolution: None
Category: ☘️北京频道, Name: 北京新闻, Total: 24, Valid: 2, Valid Percent: 8.33%, Whitelist: 0, IPv4: 2, IPv6: 22, Min Delay: 26 ms, Max Speed: 4.25 M/s, Avg Speed: 2.13 M/s, Max Resolution: None
Category: ☘️北京频道, Name: 北京生活, Total: 21, Valid: 1, Valid Percent: 4.76%, Whitelist: 0, IPv4: 1, IPv6: 20, Min Delay: 1351 ms, Max Speed: 0.07 M/s, Avg Speed: 0.07 M/s, Max Resolution: None
Category: ☘️北京频道, Name: 北京科教, Total: 1, Valid: 1, Valid Percent: 100.00%, Whitelist: 0, IPv4: 1, IPv6: 0, Min Delay: 7 ms, Max Speed: 18.47 M/s, Avg Speed: 18.47 M/s, Max Resolution: 19x24
Category: ☘️北京频道, Name: 北京财经, Total: 20, Valid: 0, Valid Percent: 0.00%, Whitelist: 0, IPv4: 0, IPv6: 20, Min Delay: -1 ms, Max Speed: 0.00 M/s, Avg Speed: 0.00 M/s, Max Resolution: None
Category: ☘️北京频道, Name: 北京青年, Total: 1, Valid: 1, Valid Percent: 100.00%, Whitelist: 0, IPv4: 1, IPv6: 0, Min Delay: 7 ms, Max Speed: 17.92 M/s, Avg Speed: 17.92 M/s, Max Resolution: 19x24
Category: ☘️上海频道, Name: 上海新闻综合, Total: 26, Valid: 0, Valid Percent: 0.00%, Whitelist: 0, IPv4: 0, IPv6: 26, Min Delay: -1 ms, Max Speed: 0.00 M/s, Avg Speed: 0.00 M/s, Max Resolution: None
Category: ☘️上海频道, Name: 上海第一财经, Total: 23, Valid: 1, Valid Percent: 4.35%, Whitelist: 0, IPv4: 1, IPv6: 22, Min Delay: 26 ms, Max Speed: 4.32 M/s, Avg Speed: 4.32 M/s, Max Resolution: None
Category: ☘️上海频道, Name: 上海纪实, Total: 5, Valid: 0, Valid Percent: 0.00%, Whitelist: 0, IPv4: 0, IPv6: 5, Min Delay: -1 ms, Max Speed: 0.00 M/s, Avg Speed: 0.00 M/s, Max Resolution: None
Category: ☘️上海频道, Name: 上海都市, Total: 28, Valid: 0, Valid Percent: 0.00%, Whitelist: 0, IPv4: 0, IPv6: 28, Min Delay: -1 ms, Max Speed: 0.00 M/s, Avg Speed: 0.00 M/s, Max Resolution: None
Category: ☘️上海频道, Name: 东方影视, Total: 8, Valid: 0, Valid Percent: 0.00%, Whitelist: 0, IPv4: 0, IPv6: 8, Min Delay: -1 ms, Max Speed: 0.00 M/s, Avg Speed: 0.00 M/s, Max Resolution: None
Category: ☘️上海频道, Name: 东方财经, Total: 1, Valid: 0, Valid Percent: 0.00%, Whitelist: 0, IPv4: 0, IPv6: 1, Min Delay: -1 ms, Max Speed: 0.00 M/s, Avg Speed: 0.00 M/s, Max Resolution: None
Category: ☘️上海频道, Name: 全纪实, Total: 1, Valid: 0, Valid Percent: 0.00%, Whitelist: 0, IPv4: 1, IPv6: 0, Min Delay: 509 ms, Max Speed: 0.00 M/s, Avg Speed: 0.00 M/s, Max Resolution: None
Category: ☘️上海频道, Name: 动漫秀场, Total: 11, Valid: 0, Valid Percent: 0.00%, Whitelist: 0, IPv4: 0, IPv6: 11, Min Delay: -1 ms, Max Speed: 0.00 M/s, Avg Speed: 0.00 M/s, Max Resolution: None
Category: ☘️上海频道, Name: 哈哈炫动, Total: 29, Valid: 0, Valid Percent: 0.00%, Whitelist: 0, IPv4: 0, IPv6: 29, Min Delay: -1 ms, Max Speed: 0.00 M/s, Avg Speed: 0.00 M/s, Max Resolution: None
Category: ☘️上海频道, Name: 新闻综合, Total: 12, Valid: 1, Valid Percent: 8.33%, Whitelist: 0, IPv4: 1, IPv6: 11, Min Delay: 2192 ms, Max Speed: 0.65 M/s, Avg Speed: 0.65 M/s, Max Resolution: 1920x1080
Category: ☘️上海频道, Name: 欢笑剧场, Total: 13, Valid: 0, Valid Percent: 0.00%, Whitelist: 0, IPv4: 0, IPv6: 13, Min Delay: -1 ms, Max Speed: 0.00 M/s, Avg Speed: 0.00 M/s, Max Resolution: None
Category: ☘️上海频道, Name: 法治天地, Total: 10, Valid: 1, Valid Percent: 10.00%, Whitelist: 0, IPv4: 1, IPv6: 9, Min Delay: 534 ms, Max Speed: 0.03 M/s, Avg Speed: 0.03 M/s, Max Resolution: 1920x1080
Category: ☘️上海频道, Name: 生活时尚, Total: 11, Valid: 0, Valid Percent: 0.00%, Whitelist: 0, IPv4: 0, IPv6: 11, Min Delay: -1 ms, Max Speed: 0.00 M/s, Avg Speed: 0.00 M/s, Max Resolution: None
Category: ☘️上海频道, Name: 第一财经, Total: 12, Valid: 1, Valid Percent: 8.33%, Whitelist: 0, IPv4: 1, IPv6: 11, Min Delay: 18 ms, Max Speed: 5.44 M/s, Avg Speed: 5.44 M/s, Max Resolution: None
Category: ☘️上海频道, Name: 纪实人文, Total: 2, Valid: 0, Valid Percent: 0.00%, Whitelist: 0, IPv4: 0, IPv6: 2, Min Delay: -1 ms, Max Speed: 0.00 M/s, Avg Speed: 0.00 M/s, Max Resolution: None
Category: ☘️上海频道, Name: 都市剧场, Total: 13, Valid: 2, Valid Percent: 15.38%, Whitelist: 0, IPv4: 2, IPv6: 11, Min Delay: 26 ms, Max Speed: 4.24 M/s, Avg Speed: 2.12 M/s, Max Resolution: 1920x1080
Category: ☘️重庆频道, Name: 璧山综合, Total: 2, Valid: 2, Valid Percent: 100.00%, Whitelist: 0, IPv4: 2, IPv6: 0, Min Delay: 10084 ms, Max Speed: 0.18 M/s, Avg Speed: 0.18 M/s, Max Resolution: 1920x1080
Category: ☘️重庆频道, Name: 铜梁综合, Total: 2, Valid: 2, Valid Percent: 100.00%, Whitelist: 0, IPv4: 2, IPv6: 0, Min Delay: 3020 ms, Max Speed: 0.13 M/s, Avg Speed: 0.13 M/s, Max Resolution: 720x576
Category: ☘️重庆频道, Name: 重庆汽摩, Total: 4, Valid: 4, Valid Percent: 100.00%, Whitelist: 0, IPv4: 4, IPv6: 0, Min Delay: 1408 ms, Max Speed: 0.22 M/s, Avg Speed: 0.12 M/s, Max Resolution: 1920x1080
Category: ☘️重庆频道, Name: 荣昌综合, Total: 1, Valid: 1, Valid Percent: 100.00%, Whitelist: 0, IPv4: 1, IPv6: 0, Min Delay: 2450 ms, Max Speed: 0.19 M/s, Avg Speed: 0.19 M/s, Max Resolution: 720x404
Category: ☘️重庆频道, Name: 江津新闻综合, Total: 2, Valid: 2, Valid Percent: 100.00%, Whitelist: 0, IPv4: 2, IPv6: 0, Min Delay: 10524 ms, Max Speed: 0.17 M/s, Avg Speed: 0.12 M/s, Max Resolution: 1920x1080
Category: ☘️重庆频道, Name: 垫江综合, Total: 1, Valid: 1, Valid Percent: 100.00%, Whitelist: 0, IPv4: 1, IPv6: 0, Min Delay: 1400 ms, Max Speed: 0.06 M/s, Avg Speed: 0.06 M/s, Max Resolution: 720x576
Category: ☘️重庆频道, Name: 万州三峡移民, Total: 1, Valid: 1, Valid Percent: 100.00%, Whitelist: 0, IPv4: 1, IPv6: 0, Min Delay: 1416 ms, Max Speed: 0.06 M/s, Avg Speed: 0.06 M/s, Max Resolution: 720x576
Category: ☘️重庆频道, Name: 重庆新闻, Total: 1, Valid: 1, Valid Percent: 100.00%, Whitelist: 0, IPv4: 1, IPv6: 0, Min Delay: 385 ms, Max Speed: 7.42 M/s, Avg Speed: 7.42 M/s, Max Resolution: 1280x720
Category: ☘️重庆频道, Name: 重庆时尚购物, Total: 1, Valid: 0, Valid Percent: 0.00%, Whitelist: 0, IPv4: 1, IPv6: 0, Min Delay: 481 ms, Max Speed: 0.00 M/s, Avg Speed: 0.00 M/s, Max Resolution: None
Category: ☘️江苏频道, Name: 东海新闻, Total: 1, Valid: 0, Valid Percent: 0.00%, Whitelist: 0, IPv4: 0, IPv6: 1, Min Delay: -1 ms, Max Speed: 0.00 M/s, Avg Speed: 0.00 M/s, Max Resolution: None
Category: ☘️江苏频道, Name: 优漫卡通, Total: 3, Valid: 0, Valid Percent: 0.00%, Whitelist: 0, IPv4: 0, IPv6: 3, Min Delay: -1 ms, Max Speed: 0.00 M/s, Avg Speed: 0.00 M/s, Max Resolution: None
Category: ☘️江苏频道, Name: 六合新闻综合, Total: 1, Valid: 1, Valid Percent: 100.00%, Whitelist: 0, IPv4: 1, IPv6: 0, Min Delay: 509 ms, Max Speed: 1.82 M/s, Avg Speed: 1.82 M/s, Max Resolution: 1280x720
Category: ☘️江苏频道, Name: 南京十八, Total: 4, Valid: 0, Valid Percent: 0.00%, Whitelist: 0, IPv4: 0, IPv6: 4, Min Delay: -1 ms, Max Speed: 0.00 M/s, Avg Speed: 0.00 M/s, Max Resolution: None
Category: ☘️江苏频道, Name: 南京少儿, Total: 1, Valid: 0, Valid Percent: 0.00%, Whitelist: 0, IPv4: 0, IPv6: 1, Min Delay: -1 ms, Max Speed: 0.00 M/s, Avg Speed: 0.00 M/s, Max Resolution: None
Category: ☘️江苏频道, Name: 南京教科, Total: 5, Valid: 0, Valid Percent: 0.00%, Whitelist: 0, IPv4: 0, IPv6: 5, Min Delay: -1 ms, Max Speed: 0.00 M/s, Avg Speed: 0.00 M/s, Max Resolution: None
Category: ☘️江苏频道, Name: 南京新闻综合, Total: 5, Valid: 0, Valid Percent: 0.00%, Whitelist: 0, IPv4: 0, IPv6: 5, Min Delay: -1 ms, Max Speed: 0.00 M/s, Avg Speed: 0.00 M/s, Max Resolution: None
Category: ☘️江苏频道, Name: 南通新闻综合, Total: 6, Valid: 0, Valid Percent: 0.00%, Whitelist: 0, IPv4: 0, IPv6: 6, Min Delay: -1 ms, Max Speed: 0.00 M/s, Avg Speed: 0.00 M/s, Max Resolution: None
Category: ☘️江苏频道, Name: 句容党建, Total: 3, Valid: 3, Valid Percent: 100.00%, Whitelist: 0, IPv4: 3, IPv6: 0, Min Delay: 1262 ms, Max Speed: 0.26 M/s, Avg Speed: 0.23 M/s, Max Resolution: 1280x720
Category: ☘️江苏频道, Name: 句容影院, Total: 1, Valid: 1, Valid Percent: 100.00%, Whitelist: 0, IPv4: 1, IPv6: 0, Min Delay: 1472 ms, Max Speed: 0.26 M/s, Avg Speed: 0.26 M/s, Max Resolution: 720x576
Category: ☘️江苏频道, Name: 句容新闻综合, Total: 2, Valid: 2, Valid Percent: 100.00%, Whitelist: 0, IPv4: 2, IPv6: 0, Min Delay: 2077 ms, Max Speed: 1.02 M/s, Avg Speed: 1.00 M/s, Max Resolution: 720x576
Category: ☘️江苏频道, Name: 句容生活, Total: 2, Valid: 2, Valid Percent: 100.00%, Whitelist: 0, IPv4: 2, IPv6: 0, Min Delay: 1737 ms, Max Speed: 0.48 M/s, Avg Speed: 0.46 M/s, Max Resolution: 720x576
Category: ☘️江苏频道, Name: 宜兴新闻, Total: 3, Valid: 0, Valid Percent: 0.00%, Whitelist: 0, IPv4: 0, IPv6: 3, Min Delay: -1 ms, Max Speed: 0.00 M/s, Avg Speed: 0.00 M/s, Max Resolution: None
Category: ☘️江苏频道, Name: 宜兴紫砂, Total: 1, Valid: 0, Valid Percent: 0.00%, Whitelist: 0, IPv4: 1, IPv6: 0, Min Delay: 618 ms, Max Speed: 0.00 M/s, Avg Speed: 0.00 M/s, Max Resolution: None
Category: ☘️江苏频道, Name: 宿迁公共, Total: 1, Valid: 0, Valid Percent: 0.00%, Whitelist: 0, IPv4: 0, IPv6: 1, Min Delay: -1 ms, Max Speed: 0.00 M/s, Avg Speed: 0.00 M/s, Max Resolution: None
Category: ☘️江苏频道, Name: 常州公共, Total: 1, Valid: 0, Valid Percent: 0.00%, Whitelist: 0, IPv4: 0, IPv6: 1, Min Delay: -1 ms, Max Speed: 0.00 M/s, Avg Speed: 0.00 M/s, Max Resolution: None
Category: ☘️江苏频道, Name: 常州生活, Total: 1, Valid: 0, Valid Percent: 0.00%, Whitelist: 0, IPv4: 0, IPv6: 1, Min Delay: -1 ms, Max Speed: 0.00 M/s, Avg Speed: 0.00 M/s, Max Resolution: None
Category: ☘️江苏频道, Name: 常州都市, Total: 1, Valid: 0, Valid Percent: 0.00%, Whitelist: 0, IPv4: 0, IPv6: 1, Min Delay: -1 ms, Max Speed: 0.00 M/s, Avg Speed: 0.00 M/s, Max Resolution: None
Category: ☘️江苏频道, Name: 常熟民生, Total: 1, Valid: 0, Valid Percent: 0.00%, Whitelist: 0, IPv4: 1, IPv6: 0, Min Delay: 3347 ms, Max Speed: 0.00 M/s, Avg Speed: 0.00 M/s, Max Resolution: None
Category: ☘️江苏频道, Name: 徐州公共, Total: 1, Valid: 0, Valid Percent: 0.00%, Whitelist: 0, IPv4: 0, IPv6: 1, Min Delay: -1 ms, Max Speed: 0.00 M/s, Avg Speed: 0.00 M/s, Max Resolution: None
Category: ☘️江苏频道, Name: 新沂新闻, Total: 1, Valid: 0, Valid Percent: 0.00%, Whitelist: 0, IPv4: 0, IPv6: 1, Min Delay: -1 ms, Max Speed: 0.00 M/s, Avg Speed: 0.00 M/s, Max Resolution: None
Category: ☘️江苏频道, Name: 新沂生活, Total: 1, Valid: 0, Valid Percent: 0.00%, Whitelist: 0, IPv4: 0, IPv6: 1, Min Delay: -1 ms, Max Speed: 0.00 M/s, Avg Speed: 0.00 M/s, Max Resolution: None
Category: ☘️江苏频道, Name: 无锡经济, Total: 1, Valid: 0, Valid Percent: 0.00%, Whitelist: 0, IPv4: 0, IPv6: 1, Min Delay: -1 ms, Max Speed: 0.00 M/s, Avg Speed: 0.00 M/s, Max Resolution: None
Category: ☘️江苏频道, Name: 武进新闻, Total: 3, Valid: 0, Valid Percent: 0.00%, Whitelist: 0, IPv4: 3, IPv6: 0, Min Delay: 255 ms, Max Speed: 0.00 M/s, Avg Speed: 0.00 M/s, Max Resolution: 720x576
Category: ☘️江苏频道, Name: 武进生活, Total: 4, Valid: 3, Valid Percent: 75.00%, Whitelist: 0, IPv4: 4, IPv6: 0, Min Delay: 271 ms, Max Speed: 0.27 M/s, Avg Speed: 0.18 M/s, Max Resolution: 720x576
Category: ☘️江苏频道, Name: 江宁新闻, Total: 1, Valid: 0, Valid Percent: 0.00%, Whitelist: 0, IPv4: 0, IPv6: 1, Min Delay: -1 ms, Max Speed: 0.00 M/s, Avg Speed: 0.00 M/s, Max Resolution: None
Category: ☘️江苏频道, Name: 江苏体育, Total: 10, Valid: 0, Valid Percent: 0.00%, Whitelist: 0, IPv4: 0, IPv6: 10, Min Delay: -1 ms, Max Speed: 0.00 M/s, Avg Speed: 0.00 M/s, Max Resolution: None
Category: ☘️江苏频道, Name: 江苏公共, Total: 1, Valid: 0, Valid Percent: 0.00%, Whitelist: 0, IPv4: 0, IPv6: 1, Min Delay: -1 ms, Max Speed: 0.00 M/s, Avg Speed: 0.00 M/s, Max Resolution: None
Category: ☘️江苏频道, Name: 江苏城市, Total: 10, Valid: 0, Valid Percent: 0.00%, Whitelist: 0, IPv4: 0, IPv6: 10, Min Delay: -1 ms, Max Speed: 0.00 M/s, Avg Speed: 0.00 M/s, Max Resolution: None
Category: ☘️江苏频道, Name: 江苏影视, Total: 10, Valid: 0, Valid Percent: 0.00%, Whitelist: 0, IPv4: 0, IPv6: 10, Min Delay: -1 ms, Max Speed: 0.00 M/s, Avg Speed: 0.00 M/s, Max Resolution: None
Category: ☘️江苏频道, Name: 江苏教育, Total: 11, Valid: 0, Valid Percent: 0.00%, Whitelist: 0, IPv4: 0, IPv6: 11, Min Delay: -1 ms, Max Speed: 0.00 M/s, Avg Speed: 0.00 M/s, Max Resolution: None
Category: ☘️江苏频道, Name: 沭阳综合, Total: 1, Valid: 0, Valid Percent: 0.00%, Whitelist: 0, IPv4: 0, IPv6: 1, Min Delay: -1 ms, Max Speed: 0.00 M/s, Avg Speed: 0.00 M/s, Max Resolution: None
Category: ☘️江苏频道, Name: 泗洪新闻综合, Total: 1, Valid: 0, Valid Percent: 0.00%, Whitelist: 0, IPv4: 0, IPv6: 1, Min Delay: -1 ms, Max Speed: 0.00 M/s, Avg Speed: 0.00 M/s, Max Resolution: None
Category: ☘️江苏频道, Name: 泗阳综合, Total: 1, Valid: 1, Valid Percent: 100.00%, Whitelist: 0, IPv4: 1, IPv6: 0, Min Delay: 2381 ms, Max Speed: 0.35 M/s, Avg Speed: 0.35 M/s, Max Resolution: 1920x1080
Category: ☘️江苏频道, Name: 泰州一套新闻综合, Total: 1, Valid: 0, Valid Percent: 0.00%, Whitelist: 0, IPv4: 0, IPv6: 1, Min Delay: -1 ms, Max Speed: 0.00 M/s, Avg Speed: 0.00 M/s, Max Resolution: None
Category: ☘️江苏频道, Name: 涟水电视台综合, Total: 6, Valid: 0, Valid Percent: 0.00%, Whitelist: 0, IPv4: 0, IPv6: 6, Min Delay: -1 ms, Max Speed: 0.00 M/s, Avg Speed: 0.00 M/s, Max Resolution: None
Category: ☘️江苏频道, Name: 淮安影院娱乐, Total: 2, Valid: 0, Valid Percent: 0.00%, Whitelist: 0, IPv4: 0, IPv6: 2, Min Delay: -1 ms, Max Speed: 0.00 M/s, Avg Speed: 0.00 M/s, Max Resolution: None
Category: ☘️江苏频道, Name: 淮安新闻综合, Total: 5, Valid: 0, Valid Percent: 0.00%, Whitelist: 0, IPv4: 0, IPv6: 5, Min Delay: -1 ms, Max Speed: 0.00 M/s, Avg Speed: 0.00 M/s, Max Resolution: None
Category: ☘️江苏频道, Name: 淮阴综合, Total: 1, Valid: 0, Valid Percent: 0.00%, Whitelist: 0, IPv4: 0, IPv6: 1, Min Delay: -1 ms, Max Speed: 0.00 M/s, Avg Speed: 0.00 M/s, Max Resolution: None
Category: ☘️江苏频道, Name: 溧水新闻综合, Total: 6, Valid: 0, Valid Percent: 0.00%, Whitelist: 0, IPv4: 0, IPv6: 6, Min Delay: -1 ms, Max Speed: 0.00 M/s, Avg Speed: 0.00 M/s, Max Resolution: None
Category: ☘️江苏频道, Name: 滨海新闻综合, Total: 1, Valid: 1, Valid Percent: 100.00%, Whitelist: 0, IPv4: 1, IPv6: 0, Min Delay: 5256 ms, Max Speed: 0.40 M/s, Avg Speed: 0.40 M/s, Max Resolution: 1920x1080
Category: ☘️江苏频道, Name: 睢宁三农, Total: 1, Valid: 0, Valid Percent: 0.00%, Whitelist: 0, IPv4: 0, IPv6: 1, Min Delay: -1 ms, Max Speed: 0.00 M/s, Avg Speed: 0.00 M/s, Max Resolution: None
Category: ☘️江苏频道, Name: 睢宁综合, Total: 1, Valid: 0, Valid Percent: 0.00%, Whitelist: 0, IPv4: 0, IPv6: 1, Min Delay: -1 ms, Max Speed: 0.00 M/s, Avg Speed: 0.00 M/s, Max Resolution: None
Category: ☘️江苏频道, Name: 睢宁资讯, Total: 1, Valid: 0, Valid Percent: 0.00%, Whitelist: 0, IPv4: 0, IPv6: 1, Min Delay: -1 ms, Max Speed: 0.00 M/s, Avg Speed: 0.00 M/s, Max Resolution: None
Category: ☘️江苏频道, Name: 苏州文化生活, Total: 1, Valid: 0, Valid Percent: 0.00%, Whitelist: 0, IPv4: 0, IPv6: 1, Min Delay: -1 ms, Max Speed: 0.00 M/s, Avg Speed: 0.00 M/s, Max Resolution: None
Category: ☘️江苏频道, Name: 苏州新闻综合, Total: 2, Valid: 1, Valid Percent: 50.00%, Whitelist: 0, IPv4: 1, IPv6: 1, Min Delay: 545 ms, Max Speed: 1.86 M/s, Avg Speed: 1.86 M/s, Max Resolution: 1920x1080
Category: ☘️江苏频道, Name: 苏州生活资讯, Total: 1, Valid: 0, Valid Percent: 0.00%, Whitelist: 0, IPv4: 0, IPv6: 1, Min Delay: -1 ms, Max Speed: 0.00 M/s, Avg Speed: 0.00 M/s, Max Resolution: None
Category: ☘️江苏频道, Name: 苏州社会经济, Total: 1, Valid: 0, Valid Percent: 0.00%, Whitelist: 0, IPv4: 0, IPv6: 1, Min Delay: -1 ms, Max Speed: 0.00 M/s, Avg Speed: 0.00 M/s, Max Resolution: None
Category: ☘️江苏频道, Name: 连云港公共, Total: 1, Valid: 0, Valid Percent: 0.00%, Whitelist: 0, IPv4: 0, IPv6: 1, Min Delay: -1 ms, Max Speed: 0.00 M/s, Avg Speed: 0.00 M/s, Max Resolution: None
Category: ☘️江苏频道, Name: 连云港新闻综合, Total: 10, Valid: 0, Valid Percent: 0.00%, Whitelist: 0, IPv4: 0, IPv6: 10, Min Delay: -1 ms, Max Speed: 0.00 M/s, Avg Speed: 0.00 M/s, Max Resolution: None
Category: ☘️江苏频道, Name: 镇江二套社会民生, Total: 1, Valid: 1, Valid Percent: 100.00%, Whitelist: 0, IPv4: 1, IPv6: 0, Min Delay: 59 ms, Max Speed: 18.98 M/s, Avg Speed: 18.98 M/s, Max Resolution: 1920x1080
Category: ☘️江苏频道, Name: 镇江新闻综合, Total: 10, Valid: 4, Valid Percent: 40.00%, Whitelist: 0, IPv4: 4, IPv6: 6, Min Delay: 65 ms, Max Speed: 17.58 M/s, Avg Speed: 13.57 M/s, Max Resolution: 1920x1080
Category: ☘️江苏频道, Name: 靖江新闻综合, Total: 3, Valid: 0, Valid Percent: 0.00%, Whitelist: 0, IPv4: 0, IPv6: 3, Min Delay: -1 ms, Max Speed: 0.00 M/s, Avg Speed: 0.00 M/s, Max Resolution: None
Category: ☘️辽宁频道, Name: 朝阳新闻综合, Total: 1, Valid: 0, Valid Percent: 0.00%, Whitelist: 0, IPv4: 1, IPv6: 0, Min Delay: 10299 ms, Max Speed: 0.00 M/s, Avg Speed: 0.00 M/s, Max Resolution: 1280x720
Category: ☘️辽宁频道, Name: 辽宁北方, Total: 1, Valid: 0, Valid Percent: 0.00%, Whitelist: 0, IPv4: 0, IPv6: 1, Min Delay: -1 ms, Max Speed: 0.00 M/s, Avg Speed: 0.00 M/s, Max Resolution: None
Category: ☘️辽宁频道, Name: 辽宁影视剧, Total: 3, Valid: 0, Valid Percent: 0.00%, Whitelist: 0, IPv4: 0, IPv6: 3, Min Delay: -1 ms, Max Speed: 0.00 M/s, Avg Speed: 0.00 M/s, Max Resolution: None
Category: ☘️辽宁频道, Name: 辽宁教育青少, Total: 1, Valid: 0, Valid Percent: 0.00%, Whitelist: 0, IPv4: 0, IPv6: 1, Min Delay: -1 ms, Max Speed: 0.00 M/s, Avg Speed: 0.00 M/s, Max Resolution: None
Category: ☘️辽宁频道, Name: 辽宁生活, Total: 1, Valid: 0, Valid Percent: 0.00%, Whitelist: 0, IPv4: 0, IPv6: 1, Min Delay: -1 ms, Max Speed: 0.00 M/s, Avg Speed: 0.00 M/s, Max Resolution: None
Category: ☘️辽宁频道, Name: 辽宁经济, Total: 1, Valid: 0, Valid Percent: 0.00%, Whitelist: 0, IPv4: 0, IPv6: 1, Min Delay: -1 ms, Max Speed: 0.00 M/s, Avg Speed: 0.00 M/s, Max Resolution: None
Category: ☘️辽宁频道, Name: 辽宁都市, Total: 2, Valid: 0, Valid Percent: 0.00%, Whitelist: 0, IPv4: 0, IPv6: 2, Min Delay: -1 ms, Max Speed: 0.00 M/s, Avg Speed: 0.00 M/s, Max Resolution: None
Category: ☘️湖南频道, Name: 湖南都市, Total: 7, Valid: 0, Valid Percent: 0.00%, Whitelist: 0, IPv4: 0, IPv6: 7, Min Delay: -1 ms, Max Speed: 0.00 M/s, Avg Speed: 0.00 M/s, Max Resolution: None
Category: ☘️湖南频道, Name: 湖南经视, Total: 8, Valid: 0, Valid Percent: 0.00%, Whitelist: 0, IPv4: 0, IPv6: 8, Min Delay: -1 ms, Max Speed: 0.00 M/s, Avg Speed: 0.00 M/s, Max Resolution: None
Category: ☘️湖南频道, Name: 湖南电视剧, Total: 9, Valid: 0, Valid Percent: 0.00%, Whitelist: 0, IPv4: 0, IPv6: 9, Min Delay: -1 ms, Max Speed: 0.00 M/s, Avg Speed: 0.00 M/s, Max Resolution: None
Category: ☘️湖南频道, Name: 湖南电影, Total: 2, Valid: 0, Valid Percent: 0.00%, Whitelist: 0, IPv4: 0, IPv6: 2, Min Delay: -1 ms, Max Speed: 0.00 M/s, Avg Speed: 0.00 M/s, Max Resolution: None
Category: ☘️湖南频道, Name: 湖南爱晚, Total: 1, Valid: 0, Valid Percent: 0.00%, Whitelist: 0, IPv4: 0, IPv6: 1, Min Delay: -1 ms, Max Speed: 0.00 M/s, Avg Speed: 0.00 M/s, Max Resolution: None
Category: ☘️湖南频道, Name: 湖南教育, Total: 1, Valid: 0, Valid Percent: 0.00%, Whitelist: 0, IPv4: 0, IPv6: 1, Min Delay: -1 ms, Max Speed: 0.00 M/s, Avg Speed: 0.00 M/s, Max Resolution: None
Category: ☘️湖南频道, Name: 湖南娱乐, Total: 2, Valid: 0, Valid Percent: 0.00%, Whitelist: 0, IPv4: 0, IPv6: 2, Min Delay: -1 ms, Max Speed: 0.00 M/s, Avg Speed: 0.00 M/s, Max Resolution: None
Category: ☘️湖南频道, Name: 湖南国际, Total: 2, Valid: 0, Valid Percent: 0.00%, Whitelist: 0, IPv4: 0, IPv6: 2, Min Delay: -1 ms, Max Speed: 0.00 M/s, Avg Speed: 0.00 M/s, Max Resolution: None
Category: ☘️湖南频道, Name: 湖南公共, Total: 4, Valid: 0, Valid Percent: 0.00%, Whitelist: 0, IPv4: 0, IPv6: 4, Min Delay: -1 ms, Max Speed: 0.00 M/s, Avg Speed: 0.00 M/s, Max Resolution: None
Category: ☘️湖南频道, Name: 金鹰纪实, Total: 10, Valid: 0, Valid Percent: 0.00%, Whitelist: 0, IPv4: 0, IPv6: 10, Min Delay: -1 ms, Max Speed: 0.00 M/s, Avg Speed: 0.00 M/s, Max Resolution: None
Category: ☘️湖南频道, Name: 长沙新闻综合, Total: 1, Valid: 0, Valid Percent: 0.00%, Whitelist: 0, IPv4: 0, IPv6: 1, Min Delay: -1 ms, Max Speed: 0.00 M/s, Avg Speed: 0.00 M/s, Max Resolution: None
Category: ☘️湖南频道, Name: 长沙新闻, Total: 1, Valid: 0, Valid Percent: 0.00%, Whitelist: 0, IPv4: 0, IPv6: 1, Min Delay: -1 ms, Max Speed: 0.00 M/s, Avg Speed: 0.00 M/s, Max Resolution: None
Category: ☘️湖南频道, Name: 衡阳新闻综合, Total: 1, Valid: 1, Valid Percent: 100.00%, Whitelist: 0, IPv4: 1, IPv6: 0, Min Delay: 10640 ms, Max Speed: 0.01 M/s, Avg Speed: 0.01 M/s, Max Resolution: 800x480
Category: ☘️湖南频道, Name: 娄底综合, Total: 1, Valid: 0, Valid Percent: 0.00%, Whitelist: 0, IPv4: 0, IPv6: 1, Min Delay: -1 ms, Max Speed: 0.00 M/s, Avg Speed: 0.00 M/s, Max Resolution: None
Category: ☘️湖北频道, Name: 湖北综合, Total: 3, Valid: 0, Valid Percent: 0.00%, Whitelist: 0, IPv4: 0, IPv6: 3, Min Delay: -1 ms, Max Speed: 0.00 M/s, Avg Speed: 0.00 M/s, Max Resolution: None
Category: ☘️湖北频道, Name: 湖北经视, Total: 2, Valid: 0, Valid Percent: 0.00%, Whitelist: 0, IPv4: 0, IPv6: 2, Min Delay: -1 ms, Max Speed: 0.00 M/s, Avg Speed: 0.00 M/s, Max Resolution: None
Category: ☘️湖北频道, Name: 湖北生活, Total: 4, Valid: 0, Valid Percent: 0.00%, Whitelist: 0, IPv4: 0, IPv6: 4, Min Delay: -1 ms, Max Speed: 0.00 M/s, Avg Speed: 0.00 M/s, Max Resolution: None
Category: ☘️湖北频道, Name: 湖北教育, Total: 3, Valid: 0, Valid Percent: 0.00%, Whitelist: 0, IPv4: 0, IPv6: 3, Min Delay: -1 ms, Max Speed: 0.00 M/s, Avg Speed: 0.00 M/s, Max Resolution: None
Category: ☘️湖北频道, Name: 湖北影视, Total: 3, Valid: 0, Valid Percent: 0.00%, Whitelist: 0, IPv4: 0, IPv6: 3, Min Delay: -1 ms, Max Speed: 0.00 M/s, Avg Speed: 0.00 M/s, Max Resolution: None
Category: ☘️湖北频道, Name: 湖北公共, Total: 1, Valid: 0, Valid Percent: 0.00%, Whitelist: 0, IPv4: 0, IPv6: 1, Min Delay: -1 ms, Max Speed: 0.00 M/s, Avg Speed: 0.00 M/s, Max Resolution: None
Category: ☘️湖北频道, Name: 湖北垄上, Total: 2, Valid: 0, Valid Percent: 0.00%, Whitelist: 0, IPv4: 0, IPv6: 2, Min Delay: -1 ms, Max Speed: 0.00 M/s, Avg Speed: 0.00 M/s, Max Resolution: None
Category: ☘️湖北频道, Name: 武汉一台新闻综合, Total: 3, Valid: 0, Valid Percent: 0.00%, Whitelist: 0, IPv4: 0, IPv6: 3, Min Delay: -1 ms, Max Speed: 0.00 M/s, Avg Speed: 0.00 M/s, Max Resolution: None
Category: ☘️湖北频道, Name: 武汉二台电视剧, Total: 1, Valid: 0, Valid Percent: 0.00%, Whitelist: 0, IPv4: 0, IPv6: 1, Min Delay: -1 ms, Max Speed: 0.00 M/s, Avg Speed: 0.00 M/s, Max Resolution: None
Category: ☘️湖北频道, Name: 武汉四台经济, Total: 1, Valid: 0, Valid Percent: 0.00%, Whitelist: 0, IPv4: 0, IPv6: 1, Min Delay: -1 ms, Max Speed: 0.00 M/s, Avg Speed: 0.00 M/s, Max Resolution: None
Category: ☘️湖北频道, Name: 武汉教育, Total: 7, Valid: 0, Valid Percent: 0.00%, Whitelist: 0, IPv4: 0, IPv6: 7, Min Delay: -1 ms, Max Speed: 0.00 M/s, Avg Speed: 0.00 M/s, Max Resolution: None
Category: ☘️湖北频道, Name: 武汉文体, Total: 2, Valid: 2, Valid Percent: 100.00%, Whitelist: 0, IPv4: 2, IPv6: 0, Min Delay: 541 ms, Max Speed: 0.26 M/s, Avg Speed: 0.17 M/s, Max Resolution: 1920x1080
Category: ☘️湖北频道, Name: 江夏新闻综合, Total: 1, Valid: 1, Valid Percent: 100.00%, Whitelist: 0, IPv4: 1, IPv6: 0, Min Delay: 2112 ms, Max Speed: 0.28 M/s, Avg Speed: 0.28 M/s, Max Resolution: 720x576
Category: ☘️湖北频道, Name: 十堰新闻, Total: 4, Valid: 0, Valid Percent: 0.00%, Whitelist: 0, IPv4: 0, IPv6: 4, Min Delay: -1 ms, Max Speed: 0.00 M/s, Avg Speed: 0.00 M/s, Max Resolution: None
Category: ☘️湖北频道, Name: 荆门新闻综合, Total: 8, Valid: 0, Valid Percent: 0.00%, Whitelist: 0, IPv4: 0, IPv6: 8, Min Delay: -1 ms, Max Speed: 0.00 M/s, Avg Speed: 0.00 M/s, Max Resolution: None
Category: ☘️广西频道, Name: 北海新闻综合, Total: 1, Valid: 0, Valid Percent: 0.00%, Whitelist: 0, IPv4: 1, IPv6: 0, Min Delay: 280 ms, Max Speed: 0.00 M/s, Avg Speed: 0.00 M/s, Max Resolution: None
Category: ☘️广西频道, Name: 南宁公共, Total: 5, Valid: 0, Valid Percent: 0.00%, Whitelist: 0, IPv4: 0, IPv6: 5, Min Delay: -1 ms, Max Speed: 0.00 M/s, Avg Speed: 0.00 M/s, Max Resolution: None
Category: ☘️广西频道, Name: 南宁新闻综合, Total: 4, Valid: 0, Valid Percent: 0.00%, Whitelist: 0, IPv4: 1, IPv6: 3, Min Delay: -1 ms, Max Speed: 0.00 M/s, Avg Speed: 0.00 M/s, Max Resolution: 1920x1080
Category: ☘️广西频道, Name: 南宁都市生活, Total: 4, Valid: 0, Valid Percent: 0.00%, Whitelist: 0, IPv4: 0, IPv6: 4, Min Delay: -1 ms, Max Speed: 0.00 M/s, Avg Speed: 0.00 M/s, Max Resolution: None
Category: ☘️广西频道, Name: 宾阳综合, Total: 1, Valid: 0, Valid Percent: 0.00%, Whitelist: 0, IPv4: 0, IPv6: 1, Min Delay: -1 ms, Max Speed: 0.00 M/s, Avg Speed: 0.00 M/s, Max Resolution: None
Category: ☘️广西频道, Name: 来宾综合, Total: 1, Valid: 1, Valid Percent: 100.00%, Whitelist: 0, IPv4: 1, IPv6: 0, Min Delay: 10085 ms, Max Speed: 0.27 M/s, Avg Speed: 0.27 M/s, Max Resolution: 1920x1080
Category: ☘️广西频道, Name: 灌阳新闻综合, Total: 1, Valid: 0, Valid Percent: 0.00%, Whitelist: 0, IPv4: 0, IPv6: 1, Min Delay: -1 ms, Max Speed: 0.00 M/s, Avg Speed: 0.00 M/s, Max Resolution: None
Category: ☘️广西频道, Name: 田东综合, Total: 1, Valid: 0, Valid Percent: 0.00%, Whitelist: 0, IPv4: 0, IPv6: 1, Min Delay: -1 ms, Max Speed: 0.00 M/s, Avg Speed: 0.00 M/s, Max Resolution: None
Category: ☘️广西频道, Name: 广西新闻, Total: 4, Valid: 1, Valid Percent: 25.00%, Whitelist: 0, IPv4: 1, IPv6: 3, Min Delay: 592 ms, Max Speed: 10.56 M/s, Avg Speed: 10.56 M/s, Max Resolution: 1920x1080
Category: ☘️广西频道, Name: 广西国际, Total: 4, Valid: 1, Valid Percent: 25.00%, Whitelist: 0, IPv4: 1, IPv6: 3, Min Delay: 564 ms, Max Speed: 9.23 M/s, Avg Speed: 9.23 M/s, Max Resolution: 1920x1080
Category: ☘️广西频道, Name: 南宁影视娱乐, Total: 5, Valid: 0, Valid Percent: 0.00%, Whitelist: 0, IPv4: 0, IPv6: 5, Min Delay: -1 ms, Max Speed: 0.00 M/s, Avg Speed: 0.00 M/s, Max Resolution: None
Category: ☘️天津频道, Name: 津南一套, Total: 1, Valid: 1, Valid Percent: 100.00%, Whitelist: 0, IPv4: 1, IPv6: 0, Min Delay: 28 ms, Max Speed: 9.33 M/s, Avg Speed: 9.33 M/s, Max Resolution: 720x576
Category: ☘️天津频道, Name: 武清综合, Total: 1, Valid: 1, Valid Percent: 100.00%, Whitelist: 0, IPv4: 1, IPv6: 0, Min Delay: 40 ms, Max Speed: 7.09 M/s, Avg Speed: 7.09 M/s, Max Resolution: 720x576
Category: ☘️天津频道, Name: 天津卫视, Total: 17, Valid: 0, Valid Percent: 0.00%, Whitelist: 0, IPv4: 0, IPv6: 17, Min Delay: -1 ms, Max Speed: 0.00 M/s, Avg Speed: 0.00 M/s, Max Resolution: None
Category: ☘️四川频道, Name: 乐山新闻综合, Total: 2, Valid: 0, Valid Percent: 0.00%, Whitelist: 0, IPv4: 0, IPv6: 2, Min Delay: -1 ms, Max Speed: 0.00 M/s, Avg Speed: 0.00 M/s, Max Resolution: None
Category: ☘️四川频道, Name: 乐至综合, Total: 3, Valid: 3, Valid Percent: 100.00%, Whitelist: 0, IPv4: 3, IPv6: 0, Min Delay: 10503 ms, Max Speed: 0.17 M/s, Avg Speed: 0.15 M/s, Max Resolution: 1920x1080
Category: ☘️四川频道, Name: 井研综合, Total: 1, Valid: 1, Valid Percent: 100.00%, Whitelist: 0, IPv4: 1, IPv6: 0, Min Delay: 2232 ms, Max Speed: 0.12 M/s, Avg Speed: 0.12 M/s, Max Resolution: 1920x1080
Category: ☘️四川频道, Name: 仁寿综合, Total: 1, Valid: 1, Valid Percent: 100.00%, Whitelist: 0, IPv4: 1, IPv6: 0, Min Delay: 1079 ms, Max Speed: 0.05 M/s, Avg Speed: 0.05 M/s, Max Resolution: None
Category: ☘️四川频道, Name: 剑阁综合, Total: 1, Valid: 1, Valid Percent: 100.00%, Whitelist: 0, IPv4: 1, IPv6: 0, Min Delay: 10570 ms, Max Speed: 0.04 M/s, Avg Speed: 0.04 M/s, Max Resolution: 960x528
Category: ☘️四川频道, Name: 叙州新闻综合, Total: 5, Valid: 0, Valid Percent: 0.00%, Whitelist: 0, IPv4: 0, IPv6: 5, Min Delay: -1 ms, Max Speed: 0.00 M/s, Avg Speed: 0.00 M/s, Max Resolution: None
Category: ☘️四川频道, Name: 叙永综合, Total: 1, Valid: 1, Valid Percent: 100.00%, Whitelist: 0, IPv4: 1, IPv6: 0, Min Delay: 2328 ms, Max Speed: 0.58 M/s, Avg Speed: 0.58 M/s, Max Resolution: 1920x1080
Category: ☘️四川频道, Name: 四川科教, Total: 3, Valid: 0, Valid Percent: 0.00%, Whitelist: 0, IPv4: 0, IPv6: 3, Min Delay: -1 ms, Max Speed: 0.00 M/s, Avg Speed: 0.00 M/s, Max Resolution: None
Category: ☘️四川频道, Name: 广元公共, Total: 1, Valid: 1, Valid Percent: 100.00%, Whitelist: 0, IPv4: 1, IPv6: 0, Min Delay: 10661 ms, Max Speed: 0.03 M/s, Avg Speed: 0.03 M/s, Max Resolution: 1280x720
Category: ☘️四川频道, Name: 广元综合, Total: 2, Valid: 0, Valid Percent: 0.00%, Whitelist: 0, IPv4: 0, IPv6: 2, Min Delay: -1 ms, Max Speed: 0.00 M/s, Avg Speed: 0.00 M/s, Max Resolution: None
Category: ☘️四川频道, Name: 广安公共, Total: 3, Valid: 0, Valid Percent: 0.00%, Whitelist: 0, IPv4: 0, IPv6: 3, Min Delay: -1 ms, Max Speed: 0.00 M/s, Avg Speed: 0.00 M/s, Max Resolution: None
Category: ☘️四川频道, Name: 康巴卫视, Total: 1, Valid: 0, Valid Percent: 0.00%, Whitelist: 0, IPv4: 0, IPv6: 1, Min Delay: -1 ms, Max Speed: 0.00 M/s, Avg Speed: 0.00 M/s, Max Resolution: None
Category: ☘️四川频道, Name: 德阳新闻综合, Total: 3, Valid: 0, Valid Percent: 0.00%, Whitelist: 0, IPv4: 0, IPv6: 3, Min Delay: -1 ms, Max Speed: 0.00 M/s, Avg Speed: 0.00 M/s, Max Resolution: None
Category: ☘️四川频道, Name: 旺苍新闻综合, Total: 2, Valid: 0, Valid Percent: 0.00%, Whitelist: 0, IPv4: 0, IPv6: 2, Min Delay: -1 ms, Max Speed: 0.00 M/s, Avg Speed: 0.00 M/s, Max Resolution: None
Category: ☘️四川频道, Name: 朝天综合, Total: 1, Valid: 1, Valid Percent: 100.00%, Whitelist: 0, IPv4: 1, IPv6: 0, Min Delay: 10315 ms, Max Speed: 0.03 M/s, Avg Speed: 0.03 M/s, Max Resolution: 960x528
Category: ☘️四川频道, Name: 松潘新闻综合, Total: 3, Valid: 0, Valid Percent: 0.00%, Whitelist: 0, IPv4: 0, IPv6: 3, Min Delay: -1 ms, Max Speed: 0.00 M/s, Avg Speed: 0.00 M/s, Max Resolution: None
Category: ☘️四川频道, Name: 汉源综合, Total: 2, Valid: 0, Valid Percent: 0.00%, Whitelist: 0, IPv4: 0, IPv6: 2, Min Delay: -1 ms, Max Speed: 0.00 M/s, Avg Speed: 0.00 M/s, Max Resolution: None
Category: ☘️四川频道, Name: 汶川新闻综合, Total: 4, Valid: 0, Valid Percent: 0.00%, Whitelist: 0, IPv4: 0, IPv6: 4, Min Delay: -1 ms, Max Speed: 0.00 M/s, Avg Speed: 0.00 M/s, Max Resolution: None
Category: ☘️四川频道, Name: 沐川综合, Total: 2, Valid: 0, Valid Percent: 0.00%, Whitelist: 0, IPv4: 1, IPv6: 1, Min Delay: -1 ms, Max Speed: 0.00 M/s, Avg Speed: 0.00 M/s, Max Resolution: 1920x1080
Category: ☘️四川频道, Name: 泸县新闻综合, Total: 4, Valid: 0, Valid Percent: 0.00%, Whitelist: 0, IPv4: 0, IPv6: 4, Min Delay: -1 ms, Max Speed: 0.00 M/s, Avg Speed: 0.00 M/s, Max Resolution: None
Category: ☘️四川频道, Name: 甘孜综合, Total: 1, Valid: 0, Valid Percent: 0.00%, Whitelist: 0, IPv4: 0, IPv6: 1, Min Delay: -1 ms, Max Speed: 0.00 M/s, Avg Speed: 0.00 M/s, Max Resolution: None
Category: ☘️四川频道, Name: 石棉综合, Total: 2, Valid: 0, Valid Percent: 0.00%, Whitelist: 0, IPv4: 1, IPv6: 1, Min Delay: -1 ms, Max Speed: 0.00 M/s, Avg Speed: 0.00 M/s, Max Resolution: 1920x1080
Category: ☘️四川频道, Name: 绵阳科技, Total: 1, Valid: 0, Valid Percent: 0.00%, Whitelist: 0, IPv4: 0, IPv6: 1, Min Delay: -1 ms, Max Speed: 0.00 M/s, Avg Speed: 0.00 M/s, Max Resolution: None
Category: ☘️四川频道, Name: 荥经综合, Total: 3, Valid: 1, Valid Percent: 33.33%, Whitelist: 0, IPv4: 1, IPv6: 2, Min Delay: 1638 ms, Max Speed: 0.15 M/s, Avg Speed: 0.15 M/s, Max Resolution: 1920x1080
Category: ☘️四川频道, Name: 营山电视台, Total: 1, Valid: 0, Valid Percent: 0.00%, Whitelist: 0, IPv4: 0, IPv6: 1, Min Delay: -1 ms, Max Speed: 0.00 M/s, Avg Speed: 0.00 M/s, Max Resolution: None
Category: ☘️四川频道, Name: 蓬安新闻综合, Total: 2, Valid: 0, Valid Percent: 0.00%, Whitelist: 0, IPv4: 0, IPv6: 2, Min Delay: -1 ms, Max Speed: 0.00 M/s, Avg Speed: 0.00 M/s, Max Resolution: None
Category: ☘️四川频道, Name: 金川乡村, Total: 2, Valid: 2, Valid Percent: 100.00%, Whitelist: 0, IPv4: 2, IPv6: 0, Min Delay: 619 ms, Max Speed: 0.38 M/s, Avg Speed: 0.19 M/s, Max Resolution: 1024x576
Category: ☘️四川频道, Name: 金川新闻综合, Total: 5, Valid: 0, Valid Percent: 0.00%, Whitelist: 0, IPv4: 2, IPv6: 3, Min Delay: -1 ms, Max Speed: 0.00 M/s, Avg Speed: 0.00 M/s, Max Resolution: 1920x1080
Category: ☘️四川频道, Name: 长宁综合, Total: 3, Valid: 2, Valid Percent: 66.67%, Whitelist: 0, IPv4: 3, IPv6: 0, Min Delay: 1718 ms, Max Speed: 0.52 M/s, Avg Speed: 0.52 M/s, Max Resolution: 1920x1080
Category: ☘️四川频道, Name: 雅安新闻综合, Total: 1, Valid: 1, Valid Percent: 100.00%, Whitelist: 0, IPv4: 1, IPv6: 0, Min Delay: 2003 ms, Max Speed: 0.51 M/s, Avg Speed: 0.51 M/s, Max Resolution: 1920x1080
Category: ☘️四川频道, Name: 青川综合, Total: 1, Valid: 1, Valid Percent: 100.00%, Whitelist: 0, IPv4: 1, IPv6: 0, Min Delay: 2597 ms, Max Speed: 1.05 M/s, Avg Speed: 1.05 M/s, Max Resolution: 1920x1080
Category: ☘️陕西频道, Name: 陕西新闻资讯, Total: 5, Valid: 0, Valid Percent: 0.00%, Whitelist: 0, IPv4: 0, IPv6: 5, Min Delay: -1 ms, Max Speed: 0.00 M/s, Avg Speed: 0.00 M/s, Max Resolution: None
Category: ☘️陕西频道, Name: 陕西都市青春, Total: 5, Valid: 0, Valid Percent: 0.00%, Whitelist: 0, IPv4: 0, IPv6: 5, Min Delay: -1 ms, Max Speed: 0.00 M/s, Avg Speed: 0.00 M/s, Max Resolution: None
Category: ☘️陕西频道, Name: 陕西公共, Total: 1, Valid: 0, Valid Percent: 0.00%, Whitelist: 0, IPv4: 0, IPv6: 1, Min Delay: -1 ms, Max Speed: 0.00 M/s, Avg Speed: 0.00 M/s, Max Resolution: None
Category: ☘️陕西频道, Name: 陕西体育休闲, Total: 5, Valid: 0, Valid Percent: 0.00%, Whitelist: 0, IPv4: 0, IPv6: 5, Min Delay: -1 ms, Max Speed: 0.00 M/s, Avg Speed: 0.00 M/s, Max Resolution: None
Category: ☘️福建频道, Name: 三明新闻综合, Total: 2, Valid: 0, Valid Percent: 0.00%, Whitelist: 0, IPv4: 0, IPv6: 2, Min Delay: -1 ms, Max Speed: 0.00 M/s, Avg Speed: 0.00 M/s, Max Resolution: None
Category: ☘️福建频道, Name: 云霄综合, Total: 4, Valid: 0, Valid Percent: 0.00%, Whitelist: 0, IPv4: 0, IPv6: 4, Min Delay: -1 ms, Max Speed: 0.00 M/s, Avg Speed: 0.00 M/s, Max Resolution: None
Category: ☘️福建频道, Name: 厦门卫视, Total: 1, Valid: 0, Valid Percent: 0.00%, Whitelist: 0, IPv4: 0, IPv6: 1, Min Delay: -1 ms, Max Speed: 0.00 M/s, Avg Speed: 0.00 M/s, Max Resolution: None
Category: ☘️福建频道, Name: 漳州新闻综合, Total: 3, Valid: 0, Valid Percent: 0.00%, Whitelist: 0, IPv4: 0, IPv6: 3, Min Delay: -1 ms, Max Speed: 0.00 M/s, Avg Speed: 0.00 M/s, Max Resolution: None
Category: ☘️福建频道, Name: 福州少儿, Total: 1, Valid: 0, Valid Percent: 0.00%, Whitelist: 0, IPv4: 0, IPv6: 1, Min Delay: -1 ms, Max Speed: 0.00 M/s, Avg Speed: 0.00 M/s, Max Resolution: None
Category: ☘️福建频道, Name: 福建新闻, Total: 7, Valid: 1, Valid Percent: 14.29%, Whitelist: 0, IPv4: 1, IPv6: 6, Min Delay: 18 ms, Max Speed: 5.32 M/s, Avg Speed: 5.32 M/s, Max Resolution: None
Category: ☘️福建频道, Name: 福建电视剧, Total: 6, Valid: 0, Valid Percent: 0.00%, Whitelist: 0, IPv4: 0, IPv6: 6, Min Delay: -1 ms, Max Speed: 0.00 M/s, Avg Speed: 0.00 M/s, Max Resolution: None
Category: ☘️福建频道, Name: 福建经济, Total: 6, Valid: 1, Valid Percent: 16.67%, Whitelist: 0, IPv4: 1, IPv6: 5, Min Delay: 18 ms, Max Speed: 5.44 M/s, Avg Speed: 5.44 M/s, Max Resolution: None
Category: ☘️福建频道, Name: 福建综合, Total: 6, Valid: 0, Valid Percent: 0.00%, Whitelist: 0, IPv4: 0, IPv6: 6, Min Delay: -1 ms, Max Speed: 0.00 M/s, Avg Speed: 0.00 M/s, Max Resolution: None
Category: ☘️福建频道, Name: 福建公共, Total: 2, Valid: 1, Valid Percent: 50.00%, Whitelist: 0, IPv4: 1, IPv6: 1, Min Delay: 563 ms, Max Speed: 0.19 M/s, Avg Speed: 0.19 M/s, Max Resolution: 1920x1080
Category: ☘️福建频道, Name: 福建旅游, Total: 2, Valid: 1, Valid Percent: 50.00%, Whitelist: 0, IPv4: 1, IPv6: 1, Min Delay: 502 ms, Max Speed: 0.22 M/s, Avg Speed: 0.22 M/s, Max Resolution: 1920x1080
Category: ☘️福建频道, Name: 福建经视, Total: 5, Valid: 0, Valid Percent: 0.00%, Whitelist: 0, IPv4: 0, IPv6: 5, Min Delay: -1 ms, Max Speed: 0.00 M/s, Avg Speed: 0.00 M/s, Max Resolution: None
Category: ☘️福建频道, Name: 福建少儿, Total: 6, Valid: 0, Valid Percent: 0.00%, Whitelist: 0, IPv4: 0, IPv6: 6, Min Delay: -1 ms, Max Speed: 0.00 M/s, Avg Speed: 0.00 M/s, Max Resolution: None
Category: ☘️海南频道, Name: 海南新闻, Total: 22, Valid: 0, Valid Percent: 0.00%, Whitelist: 0, IPv4: 0, IPv6: 22, Min Delay: -1 ms, Max Speed: 0.00 M/s, Avg Speed: 0.00 M/s, Max Resolution: None
Category: ☘️海南频道, Name: 海南自贸, Total: 20, Valid: 0, Valid Percent: 0.00%, Whitelist: 0, IPv4: 0, IPv6: 20, Min Delay: -1 ms, Max Speed: 0.00 M/s, Avg Speed: 0.00 M/s, Max Resolution: None
Category: ☘️海南频道, Name: 海南文旅, Total: 22, Valid: 0, Valid Percent: 0.00%, Whitelist: 0, IPv4: 0, IPv6: 22, Min Delay: -1 ms, Max Speed: 0.00 M/s, Avg Speed: 0.00 M/s, Max Resolution: None
Category: ☘️海南频道, Name: 海南少儿, Total: 20, Valid: 0, Valid Percent: 0.00%, Whitelist: 0, IPv4: 0, IPv6: 20, Min Delay: -1 ms, Max Speed: 0.00 M/s, Avg Speed: 0.00 M/s, Max Resolution: None
Category: ☘️海南频道, Name: 海南公共, Total: 22, Valid: 0, Valid Percent: 0.00%, Whitelist: 0, IPv4: 0, IPv6: 22, Min Delay: -1 ms, Max Speed: 0.00 M/s, Avg Speed: 0.00 M/s, Max Resolution: None
Category: ☘️河南频道, Name: 梨园, Total: 1, Valid: 1, Valid Percent: 100.00%, Whitelist: 0, IPv4: 1, IPv6: 0, Min Delay: 2296 ms, Max Speed: 0.85 M/s, Avg Speed: 0.85 M/s, Max Resolution: 1920x1080
Category: ☘️河南频道, Name: 临颍综合, Total: 1, Valid: 0, Valid Percent: 0.00%, Whitelist: 0, IPv4: 0, IPv6: 1, Min Delay: -1 ms, Max Speed: 0.00 M/s, Avg Speed: 0.00 M/s, Max Resolution: None
Category: ☘️河南频道, Name: 义马新闻综合, Total: 2, Valid: 0, Valid Percent: 0.00%, Whitelist: 0, IPv4: 0, IPv6: 2, Min Delay: -1 ms, Max Speed: 0.00 M/s, Avg Speed: 0.00 M/s, Max Resolution: None
Category: ☘️河南频道, Name: 光山综合, Total: 2, Valid: 0, Valid Percent: 0.00%, Whitelist: 0, IPv4: 0, IPv6: 2, Min Delay: -1 ms, Max Speed: 0.00 M/s, Avg Speed: 0.00 M/s, Max Resolution: None
Category: ☘️河南频道, Name: 兰考新闻, Total: 3, Valid: 0, Valid Percent: 0.00%, Whitelist: 0, IPv4: 0, IPv6: 3, Min Delay: -1 ms, Max Speed: 0.00 M/s, Avg Speed: 0.00 M/s, Max Resolution: None
Category: ☘️河南频道, Name: 卫辉综合, Total: 4, Valid: 0, Valid Percent: 0.00%, Whitelist: 0, IPv4: 0, IPv6: 4, Min Delay: -1 ms, Max Speed: 0.00 M/s, Avg Speed: 0.00 M/s, Max Resolution: None
Category: ☘️河南频道, Name: 叶县, Total: 2, Valid: 0, Valid Percent: 0.00%, Whitelist: 0, IPv4: 0, IPv6: 2, Min Delay: -1 ms, Max Speed: 0.00 M/s, Avg Speed: 0.00 M/s, Max Resolution: None
Category: ☘️河南频道, Name: 周口扶沟, Total: 1, Valid: 1, Valid Percent: 100.00%, Whitelist: 0, IPv4: 1, IPv6: 0, Min Delay: 10352 ms, Max Speed: 0.02 M/s, Avg Speed: 0.02 M/s, Max Resolution: 1920x1080
Category: ☘️河南频道, Name: 唐河一套, Total: 3, Valid: 0, Valid Percent: 0.00%, Whitelist: 0, IPv4: 0, IPv6: 3, Min Delay: -1 ms, Max Speed: 0.00 M/s, Avg Speed: 0.00 M/s, Max Resolution: None
Category: ☘️河南频道, Name: 固始综合, Total: 2, Valid: 0, Valid Percent: 0.00%, Whitelist: 0, IPv4: 0, IPv6: 2, Min Delay: -1 ms, Max Speed: 0.00 M/s, Avg Speed: 0.00 M/s, Max Resolution: None
Category: ☘️河南频道, Name: 宝丰综合, Total: 3, Valid: 0, Valid Percent: 0.00%, Whitelist: 0, IPv4: 0, IPv6: 3, Min Delay: -1 ms, Max Speed: 0.00 M/s, Avg Speed: 0.00 M/s, Max Resolution: None
Category: ☘️河南频道, Name: 巩义新闻综合, Total: 3, Valid: 0, Valid Percent: 0.00%, Whitelist: 0, IPv4: 0, IPv6: 3, Min Delay: -1 ms, Max Speed: 0.00 M/s, Avg Speed: 0.00 M/s, Max Resolution: None
Category: ☘️河南频道, Name: 扶沟综合, Total: 3, Valid: 0, Valid Percent: 0.00%, Whitelist: 0, IPv4: 0, IPv6: 3, Min Delay: -1 ms, Max Speed: 0.00 M/s, Avg Speed: 0.00 M/s, Max Resolution: None
Category: ☘️河南频道, Name: 新乡县电视台, Total: 1, Valid: 0, Valid Percent: 0.00%, Whitelist: 0, IPv4: 0, IPv6: 1, Min Delay: -1 ms, Max Speed: 0.00 M/s, Avg Speed: 0.00 M/s, Max Resolution: None
Category: ☘️河南频道, Name: 新县综合, Total: 2, Valid: 0, Valid Percent: 0.00%, Whitelist: 0, IPv4: 0, IPv6: 2, Min Delay: -1 ms, Max Speed: 0.00 M/s, Avg Speed: 0.00 M/s, Max Resolution: None
Category: ☘️河南频道, Name: 新蔡综合, Total: 3, Valid: 0, Valid Percent: 0.00%, Whitelist: 0, IPv4: 0, IPv6: 3, Min Delay: -1 ms, Max Speed: 0.00 M/s, Avg Speed: 0.00 M/s, Max Resolution: None
Category: ☘️河南频道, Name: 桐柏新闻综合, Total: 1, Valid: 0, Valid Percent: 0.00%, Whitelist: 0, IPv4: 0, IPv6: 1, Min Delay: -1 ms, Max Speed: 0.00 M/s, Avg Speed: 0.00 M/s, Max Resolution: None
Category: ☘️河南频道, Name: 泌阳新闻综合, Total: 3, Valid: 0, Valid Percent: 0.00%, Whitelist: 0, IPv4: 0, IPv6: 3, Min Delay: -1 ms, Max Speed: 0.00 M/s, Avg Speed: 0.00 M/s, Max Resolution: None
Category: ☘️河南频道, Name: 淅川电视, Total: 1, Valid: 0, Valid Percent: 0.00%, Whitelist: 0, IPv4: 0, IPv6: 1, Min Delay: -1 ms, Max Speed: 0.00 M/s, Avg Speed: 0.00 M/s, Max Resolution: None
Category: ☘️河南频道, Name: 渑池新闻综合, Total: 2, Valid: 0, Valid Percent: 0.00%, Whitelist: 0, IPv4: 0, IPv6: 2, Min Delay: -1 ms, Max Speed: 0.00 M/s, Avg Speed: 0.00 M/s, Max Resolution: None
Category: ☘️河南频道, Name: 温县综合, Total: 3, Valid: 0, Valid Percent: 0.00%, Whitelist: 0, IPv4: 0, IPv6: 3, Min Delay: -1 ms, Max Speed: 0.00 M/s, Avg Speed: 0.00 M/s, Max Resolution: None
Category: ☘️河南频道, Name: 潢川综合, Total: 2, Valid: 0, Valid Percent: 0.00%, Whitelist: 0, IPv4: 0, IPv6: 2, Min Delay: -1 ms, Max Speed: 0.00 M/s, Avg Speed: 0.00 M/s, Max Resolution: None
Category: ☘️河南频道, Name: 焦作综合, Total: 1, Valid: 0, Valid Percent: 0.00%, Whitelist: 0, IPv4: 0, IPv6: 1, Min Delay: -1 ms, Max Speed: 0.00 M/s, Avg Speed: 0.00 M/s, Max Resolution: None
Category: ☘️河南频道, Name: 登封综合, Total: 3, Valid: 0, Valid Percent: 0.00%, Whitelist: 0, IPv4: 0, IPv6: 3, Min Delay: -1 ms, Max Speed: 0.00 M/s, Avg Speed: 0.00 M/s, Max Resolution: None
Category: ☘️河南频道, Name: 禹州综合, Total: 1, Valid: 0, Valid Percent: 0.00%, Whitelist: 0, IPv4: 0, IPv6: 1, Min Delay: -1 ms, Max Speed: 0.00 M/s, Avg Speed: 0.00 M/s, Max Resolution: None
Category: ☘️河南频道, Name: 西华综合, Total: 3, Valid: 0, Valid Percent: 0.00%, Whitelist: 0, IPv4: 0, IPv6: 3, Min Delay: -1 ms, Max Speed: 0.00 M/s, Avg Speed: 0.00 M/s, Max Resolution: None
Category: ☘️河南频道, Name: 郏县综合, Total: 3, Valid: 0, Valid Percent: 0.00%, Whitelist: 0, IPv4: 0, IPv6: 3, Min Delay: -1 ms, Max Speed: 0.00 M/s, Avg Speed: 0.00 M/s, Max Resolution: None
Category: ☘️河南频道, Name: 郸城新闻综合, Total: 5, Valid: 0, Valid Percent: 0.00%, Whitelist: 0, IPv4: 0, IPv6: 5, Min Delay: -1 ms, Max Speed: 0.00 M/s, Avg Speed: 0.00 M/s, Max Resolution: None
Category: ☘️河南频道, Name: 鄢陵综合, Total: 2, Valid: 0, Valid Percent: 0.00%, Whitelist: 0, IPv4: 0, IPv6: 2, Min Delay: -1 ms, Max Speed: 0.00 M/s, Avg Speed: 0.00 M/s, Max Resolution: None
Category: ☘️河南频道, Name: 项城新闻, Total: 2, Valid: 0, Valid Percent: 0.00%, Whitelist: 0, IPv4: 0, IPv6: 2, Min Delay: -1 ms, Max Speed: 0.00 M/s, Avg Speed: 0.00 M/s, Max Resolution: None
Category: ☘️河南频道, Name: 鹤壁综合, Total: 1, Valid: 0, Valid Percent: 0.00%, Whitelist: 0, IPv4: 0, IPv6: 1, Min Delay: -1 ms, Max Speed: 0.00 M/s, Avg Speed: 0.00 M/s, Max Resolution: None
Category: ☘️河南频道, Name: 邓州新闻, Total: 1, Valid: 0, Valid Percent: 0.00%, Whitelist: 0, IPv4: 0, IPv6: 1, Min Delay: -1 ms, Max Speed: 0.00 M/s, Avg Speed: 0.00 M/s, Max Resolution: None
Category: ☘️河南频道, Name: 许昌公共, Total: 1, Valid: 0, Valid Percent: 0.00%, Whitelist: 0, IPv4: 0, IPv6: 1, Min Delay: -1 ms, Max Speed: 0.00 M/s, Avg Speed: 0.00 M/s, Max Resolution: None
Category: ☘️河南频道, Name: 荥阳综合, Total: 3, Valid: 0, Valid Percent: 0.00%, Whitelist: 0, IPv4: 0, IPv6: 3, Min Delay: -1 ms, Max Speed: 0.00 M/s, Avg Speed: 0.00 M/s, Max Resolution: None
Category: ☘️河南频道, Name: 焦作教育, Total: 1, Valid: 0, Valid Percent: 0.00%, Whitelist: 0, IPv4: 0, IPv6: 1, Min Delay: -1 ms, Max Speed: 0.00 M/s, Avg Speed: 0.00 M/s, Max Resolution: None
Category: ☘️河南频道, Name: 焦作公共, Total: 1, Valid: 0, Valid Percent: 0.00%, Whitelist: 0, IPv4: 0, IPv6: 1, Min Delay: -1 ms, Max Speed: 0.00 M/s, Avg Speed: 0.00 M/s, Max Resolution: None
Category: ☘️河南频道, Name: 灵宝新闻综合, Total: 1, Valid: 0, Valid Percent: 0.00%, Whitelist: 0, IPv4: 0, IPv6: 1, Min Delay: -1 ms, Max Speed: 0.00 M/s, Avg Speed: 0.00 M/s, Max Resolution: None
Category: ☘️河南频道, Name: 濮阳公共, Total: 1, Valid: 0, Valid Percent: 0.00%, Whitelist: 0, IPv4: 0, IPv6: 1, Min Delay: -1 ms, Max Speed: 0.00 M/s, Avg Speed: 0.00 M/s, Max Resolution: None
Category: ☘️河南频道, Name: 滑县新闻, Total: 1, Valid: 0, Valid Percent: 0.00%, Whitelist: 0, IPv4: 0, IPv6: 1, Min Delay: -1 ms, Max Speed: 0.00 M/s, Avg Speed: 0.00 M/s, Max Resolution: None
Category: ☘️河南频道, Name: 济源电视一套, Total: 2, Valid: 0, Valid Percent: 0.00%, Whitelist: 0, IPv4: 0, IPv6: 2, Min Delay: -1 ms, Max Speed: 0.00 M/s, Avg Speed: 0.00 M/s, Max Resolution: None
Category: ☘️河南频道, Name: 洛阳综合, Total: 2, Valid: 0, Valid Percent: 0.00%, Whitelist: 0, IPv4: 0, IPv6: 2, Min Delay: -1 ms, Max Speed: 0.00 M/s, Avg Speed: 0.00 M/s, Max Resolution: None
Category: ☘️河南频道, Name: 洛阳科教, Total: 2, Valid: 0, Valid Percent: 0.00%, Whitelist: 0, IPv4: 0, IPv6: 2, Min Delay: -1 ms, Max Speed: 0.00 M/s, Avg Speed: 0.00 M/s, Max Resolution: None
Category: ☘️河南频道, Name: 洛阳文旅, Total: 1, Valid: 0, Valid Percent: 0.00%, Whitelist: 0, IPv4: 0, IPv6: 1, Min Delay: -1 ms, Max Speed: 0.00 M/s, Avg Speed: 0.00 M/s, Max Resolution: None
Category: ☘️河南频道, Name: 河南都市, Total: 21, Valid: 1, Valid Percent: 4.76%, Whitelist: 0, IPv4: 1, IPv6: 20, Min Delay: 72 ms, Max Speed: 18.12 M/s, Avg Speed: 18.12 M/s, Max Resolution: 1920x1080
Category: ☘️河南频道, Name: 河南民生, Total: 20, Valid: 0, Valid Percent: 0.00%, Whitelist: 0, IPv4: 0, IPv6: 20, Min Delay: -1 ms, Max Speed: 0.00 M/s, Avg Speed: 0.00 M/s, Max Resolution: None
Category: ☘️河南频道, Name: 沁阳新闻综合, Total: 2, Valid: 0, Valid Percent: 0.00%, Whitelist: 0, IPv4: 0, IPv6: 2, Min Delay: -1 ms, Max Speed: 0.00 M/s, Avg Speed: 0.00 M/s, Max Resolution: None
Category: ☘️河南频道, Name: 永城综合, Total: 1, Valid: 0, Valid Percent: 0.00%, Whitelist: 0, IPv4: 0, IPv6: 1, Min Delay: -1 ms, Max Speed: 0.00 M/s, Avg Speed: 0.00 M/s, Max Resolution: None
Category: ☘️河南频道, Name: 方城一套, Total: 2, Valid: 0, Valid Percent: 0.00%, Whitelist: 0, IPv4: 0, IPv6: 2, Min Delay: -1 ms, Max Speed: 0.00 M/s, Avg Speed: 0.00 M/s, Max Resolution: None
Category: ☘️河南频道, Name: 新野综合, Total: 3, Valid: 0, Valid Percent: 0.00%, Whitelist: 0, IPv4: 0, IPv6: 3, Min Delay: -1 ms, Max Speed: 0.00 M/s, Avg Speed: 0.00 M/s, Max Resolution: None
Category: ☘️河南频道, Name: 新安新闻综合, Total: 3, Valid: 0, Valid Percent: 0.00%, Whitelist: 0, IPv4: 0, IPv6: 3, Min Delay: -1 ms, Max Speed: 0.00 M/s, Avg Speed: 0.00 M/s, Max Resolution: None
Category: ☘️河南频道, Name: 开封新闻综合, Total: 2, Valid: 0, Valid Percent: 0.00%, Whitelist: 0, IPv4: 0, IPv6: 2, Min Delay: -1 ms, Max Speed: 0.00 M/s, Avg Speed: 0.00 M/s, Max Resolution: None
Category: ☘️河南频道, Name: 开封文化旅游, Total: 3, Valid: 0, Valid Percent: 0.00%, Whitelist: 0, IPv4: 0, IPv6: 3, Min Delay: -1 ms, Max Speed: 0.00 M/s, Avg Speed: 0.00 M/s, Max Resolution: None
Category: ☘️河南频道, Name: 嵩县综合新闻, Total: 1, Valid: 0, Valid Percent: 0.00%, Whitelist: 0, IPv4: 0, IPv6: 1, Min Delay: -1 ms, Max Speed: 0.00 M/s, Avg Speed: 0.00 M/s, Max Resolution: None
Category: ☘️河南频道, Name: 宜阳综合, Total: 4, Valid: 0, Valid Percent: 0.00%, Whitelist: 0, IPv4: 0, IPv6: 4, Min Delay: -1 ms, Max Speed: 0.00 M/s, Avg Speed: 0.00 M/s, Max Resolution: None
Category: ☘️河南频道, Name: 周口新闻综合, Total: 2, Valid: 0, Valid Percent: 0.00%, Whitelist: 0, IPv4: 0, IPv6: 2, Min Delay: -1 ms, Max Speed: 0.00 M/s, Avg Speed: 0.00 M/s, Max Resolution: None
Category: ☘️河南频道, Name: 内黄综合, Total: 3, Valid: 0, Valid Percent: 0.00%, Whitelist: 0, IPv4: 0, IPv6: 3, Min Delay: -1 ms, Max Speed: 0.00 M/s, Avg Speed: 0.00 M/s, Max Resolution: None
Category: ☘️河南频道, Name: 内乡综合, Total: 1, Valid: 0, Valid Percent: 0.00%, Whitelist: 0, IPv4: 0, IPv6: 1, Min Delay: -1 ms, Max Speed: 0.00 M/s, Avg Speed: 0.00 M/s, Max Resolution: None
Category: ☘️河南频道, Name: 偃师新闻, Total: 2, Valid: 0, Valid Percent: 0.00%, Whitelist: 0, IPv4: 0, IPv6: 2, Min Delay: -1 ms, Max Speed: 0.00 M/s, Avg Speed: 0.00 M/s, Max Resolution: None
Category: ☘️河北频道, Name: 鹿泉一套, Total: 1, Valid: 0, Valid Percent: 0.00%, Whitelist: 0, IPv4: 0, IPv6: 1, Min Delay: -1 ms, Max Speed: 0.00 M/s, Avg Speed: 0.00 M/s, Max Resolution: None
Category: ☘️河北频道, Name: 邯郸科技教育, Total: 1, Valid: 0, Valid Percent: 0.00%, Whitelist: 0, IPv4: 0, IPv6: 1, Min Delay: -1 ms, Max Speed: 0.00 M/s, Avg Speed: 0.00 M/s, Max Resolution: None
Category: ☘️河北频道, Name: 邯郸公共, Total: 1, Valid: 0, Valid Percent: 0.00%, Whitelist: 0, IPv4: 0, IPv6: 1, Min Delay: -1 ms, Max Speed: 0.00 M/s, Avg Speed: 0.00 M/s, Max Resolution: None
Category: ☘️河北频道, Name: 邯郸新闻, Total: 1, Valid: 0, Valid Percent: 0.00%, Whitelist: 0, IPv4: 0, IPv6: 1, Min Delay: -1 ms, Max Speed: 0.00 M/s, Avg Speed: 0.00 M/s, Max Resolution: None
Category: ☘️河北频道, Name: 邯郸科教, Total: 1, Valid: 0, Valid Percent: 0.00%, Whitelist: 0, IPv4: 0, IPv6: 1, Min Delay: -1 ms, Max Speed: 0.00 M/s, Avg Speed: 0.00 M/s, Max Resolution: None
Category: ☘️河北频道, Name: 邢台综合, Total: 9, Valid: 0, Valid Percent: 0.00%, Whitelist: 0, IPv4: 0, IPv6: 9, Min Delay: -1 ms, Max Speed: 0.00 M/s, Avg Speed: 0.00 M/s, Max Resolution: None
Category: ☘️河北频道, Name: 衡水公共, Total: 1, Valid: 0, Valid Percent: 0.00%, Whitelist: 0, IPv4: 0, IPv6: 1, Min Delay: -1 ms, Max Speed: 0.00 M/s, Avg Speed: 0.00 M/s, Max Resolution: None
Category: ☘️河北频道, Name: 石家庄都市, Total: 4, Valid: 0, Valid Percent: 0.00%, Whitelist: 0, IPv4: 0, IPv6: 4, Min Delay: -1 ms, Max Speed: 0.00 M/s, Avg Speed: 0.00 M/s, Max Resolution: None
Category: ☘️河北频道, Name: 石家庄生活, Total: 4, Valid: 0, Valid Percent: 0.00%, Whitelist: 0, IPv4: 0, IPv6: 4, Min Delay: -1 ms, Max Speed: 0.00 M/s, Avg Speed: 0.00 M/s, Max Resolution: None
Category: ☘️河北频道, Name: 石家庄新闻综合, Total: 5, Valid: 0, Valid Percent: 0.00%, Whitelist: 0, IPv4: 0, IPv6: 5, Min Delay: -1 ms, Max Speed: 0.00 M/s, Avg Speed: 0.00 M/s, Max Resolution: None
Category: ☘️河北频道, Name: 石家庄娱乐, Total: 5, Valid: 0, Valid Percent: 0.00%, Whitelist: 0, IPv4: 0, IPv6: 5, Min Delay: -1 ms, Max Speed: 0.00 M/s, Avg Speed: 0.00 M/s, Max Resolution: None
Category: ☘️河北频道, Name: 滦平新闻, Total: 1, Valid: 0, Valid Percent: 0.00%, Whitelist: 0, IPv4: 0, IPv6: 1, Min Delay: -1 ms, Max Speed: 0.00 M/s, Avg Speed: 0.00 M/s, Max Resolution: None
Category: ☘️河北频道, Name: 河北都市, Total: 2, Valid: 1, Valid Percent: 50.00%, Whitelist: 0, IPv4: 1, IPv6: 1, Min Delay: 1102 ms, Max Speed: 0.09 M/s, Avg Speed: 0.09 M/s, Max Resolution: None
Category: ☘️河北频道, Name: 河北农民, Total: 3, Valid: 0, Valid Percent: 0.00%, Whitelist: 0, IPv4: 0, IPv6: 3, Min Delay: -1 ms, Max Speed: 0.00 M/s, Avg Speed: 0.00 M/s, Max Resolution: None
Category: ☘️河北频道, Name: 昌黎综合, Total: 2, Valid: 0, Valid Percent: 0.00%, Whitelist: 0, IPv4: 0, IPv6: 2, Min Delay: -1 ms, Max Speed: 0.00 M/s, Avg Speed: 0.00 M/s, Max Resolution: None
Category: ☘️河北频道, Name: 任丘文娱, Total: 2, Valid: 0, Valid Percent: 0.00%, Whitelist: 0, IPv4: 0, IPv6: 2, Min Delay: -1 ms, Max Speed: 0.00 M/s, Avg Speed: 0.00 M/s, Max Resolution: None
Category: ☘️河北频道, Name: 任丘综合, Total: 2, Valid: 0, Valid Percent: 0.00%, Whitelist: 0, IPv4: 0, IPv6: 2, Min Delay: -1 ms, Max Speed: 0.00 M/s, Avg Speed: 0.00 M/s, Max Resolution: None
Category: ☘️河北频道, Name: 兴隆综合, Total: 2, Valid: 0, Valid Percent: 0.00%, Whitelist: 0, IPv4: 0, IPv6: 2, Min Delay: -1 ms, Max Speed: 0.00 M/s, Avg Speed: 0.00 M/s, Max Resolution: None
Category: ☘️河北频道, Name: 平泉影视, Total: 1, Valid: 0, Valid Percent: 0.00%, Whitelist: 0, IPv4: 0, IPv6: 1, Min Delay: -1 ms, Max Speed: 0.00 M/s, Avg Speed: 0.00 M/s, Max Resolution: None
Category: ☘️河北频道, Name: 平泉综合, Total: 1, Valid: 0, Valid Percent: 0.00%, Whitelist: 0, IPv4: 0, IPv6: 1, Min Delay: -1 ms, Max Speed: 0.00 M/s, Avg Speed: 0.00 M/s, Max Resolution: None
Category: ☘️河北频道, Name: 清河新闻综合, Total: 2, Valid: 0, Valid Percent: 0.00%, Whitelist: 0, IPv4: 0, IPv6: 2, Min Delay: -1 ms, Max Speed: 0.00 M/s, Avg Speed: 0.00 M/s, Max Resolution: None
Category: ☘️河北频道, Name: 清河经济综艺, Total: 2, Valid: 0, Valid Percent: 0.00%, Whitelist: 0, IPv4: 0, IPv6: 2, Min Delay: -1 ms, Max Speed: 0.00 M/s, Avg Speed: 0.00 M/s, Max Resolution: None
Category: ☘️贵州频道, Name: 安顺新闻, Total: 2, Valid: 0, Valid Percent: 0.00%, Whitelist: 0, IPv4: 0, IPv6: 2, Min Delay: -1 ms, Max Speed: 0.00 M/s, Avg Speed: 0.00 M/s, Max Resolution: None
Category: ☘️贵州频道, Name: 贵州移动电视, Total: 2, Valid: 1, Valid Percent: 50.00%, Whitelist: 0, IPv4: 2, IPv6: 0, Min Delay: 551 ms, Max Speed: 0.02 M/s, Avg Speed: 0.02 M/s, Max Resolution: 1920x1080
Category: ☘️甘肃频道, Name: 甘肃经济, Total: 2, Valid: 1, Valid Percent: 50.00%, Whitelist: 0, IPv4: 1, IPv6: 1, Min Delay: 26 ms, Max Speed: 4.04 M/s, Avg Speed: 4.04 M/s, Max Resolution: None
Category: ☘️甘肃频道, Name: 甘肃都市, Total: 2, Valid: 1, Valid Percent: 50.00%, Whitelist: 0, IPv4: 1, IPv6: 1, Min Delay: 26 ms, Max Speed: 3.94 M/s, Avg Speed: 3.94 M/s, Max Resolution: None
Category: ☘️甘肃频道, Name: 临夏州综合, Total: 1, Valid: 1, Valid Percent: 100.00%, Whitelist: 0, IPv4: 1, IPv6: 0, Min Delay: 929 ms, Max Speed: 0.16 M/s, Avg Speed: 0.16 M/s, Max Resolution: 720x576
Category: ☘️甘肃频道, Name: 嘉峪关综合, Total: 1, Valid: 1, Valid Percent: 100.00%, Whitelist: 0, IPv4: 1, IPv6: 0, Min Delay: 955 ms, Max Speed: 0.10 M/s, Avg Speed: 0.10 M/s, Max Resolution: 1920x1080
Category: ☘️甘肃频道, Name: 天祝综合, Total: 1, Valid: 0, Valid Percent: 0.00%, Whitelist: 0, IPv4: 1, IPv6: 0, Min Delay: 830 ms, Max Speed: 0.00 M/s, Avg Speed: 0.00 M/s, Max Resolution: 1920x1080
Category: ☘️甘肃频道, Name: 永昌综合, Total: 1, Valid: 1, Valid Percent: 100.00%, Whitelist: 0, IPv4: 1, IPv6: 0, Min Delay: 1697 ms, Max Speed: 1.08 M/s, Avg Speed: 1.08 M/s, Max Resolution: 1920x1080
Category: ☘️甘肃频道, Name: 甘南综合, Total: 1, Valid: 1, Valid Percent: 100.00%, Whitelist: 0, IPv4: 1, IPv6: 0, Min Delay: 1447 ms, Max Speed: 0.16 M/s, Avg Speed: 0.16 M/s, Max Resolution: 1920x1080
Category: ☘️甘肃频道, Name: 甘肃少儿, Total: 1, Valid: 0, Valid Percent: 0.00%, Whitelist: 0, IPv4: 0, IPv6: 1, Min Delay: -1 ms, Max Speed: 0.00 M/s, Avg Speed: 0.00 M/s, Max Resolution: None
Category: ☘️甘肃频道, Name: 白银综合, Total: 2, Valid: 2, Valid Percent: 100.00%, Whitelist: 0, IPv4: 2, IPv6: 0, Min Delay: 1869 ms, Max Speed: 0.98 M/s, Avg Speed: 0.96 M/s, Max Resolution: 1920x1080
Category: ☘️甘肃频道, Name: 秦安综合, Total: 1, Valid: 1, Valid Percent: 100.00%, Whitelist: 0, IPv4: 1, IPv6: 0, Min Delay: 3675 ms, Max Speed: 0.65 M/s, Avg Speed: 0.65 M/s, Max Resolution: 1920x1080
Category: ☘️甘肃频道, Name: 西峰综合, Total: 1, Valid: 1, Valid Percent: 100.00%, Whitelist: 0, IPv4: 1, IPv6: 0, Min Delay: 2140 ms, Max Speed: 1.46 M/s, Avg Speed: 1.46 M/s, Max Resolution: 1280x720
Category: ☘️甘肃频道, Name: 酒泉综合, Total: 1, Valid: 0, Valid Percent: 0.00%, Whitelist: 0, IPv4: 0, IPv6: 1, Min Delay: -1 ms, Max Speed: 0.00 M/s, Avg Speed: 0.00 M/s, Max Resolution: None
Category: ☘️甘肃频道, Name: 金昌综合, Total: 1, Valid: 0, Valid Percent: 0.00%, Whitelist: 0, IPv4: 1, IPv6: 0, Min Delay: 245 ms, Max Speed: 0.00 M/s, Avg Speed: 0.00 M/s, Max Resolution: None
Category: ☘️新疆频道, Name: 哈密一套, Total: 1, Valid: 1, Valid Percent: 100.00%, Whitelist: 0, IPv4: 1, IPv6: 0, Min Delay: 586 ms, Max Speed: 0.16 M/s, Avg Speed: 0.16 M/s, Max Resolution: 1920x1080
Category: ☘️新疆频道, Name: 哈密二套, Total: 1, Valid: 1, Valid Percent: 100.00%, Whitelist: 0, IPv4: 1, IPv6: 0, Min Delay: 37 ms, Max Speed: 18.25 M/s, Avg Speed: 18.25 M/s, Max Resolution: 1920x1080
Category: ☘️新疆频道, Name: 哈密三套, Total: 1, Valid: 1, Valid Percent: 100.00%, Whitelist: 0, IPv4: 1, IPv6: 0, Min Delay: 38 ms, Max Speed: 17.38 M/s, Avg Speed: 17.38 M/s, Max Resolution: 1920x1080
Category: ☘️新疆频道, Name: 伊犁维吾尔, Total: 1, Valid: 1, Valid Percent: 100.00%, Whitelist: 0, IPv4: 1, IPv6: 0, Min Delay: 3181 ms, Max Speed: 0.97 M/s, Avg Speed: 0.97 M/s, Max Resolution: None
Category: ☘️新疆频道, Name: 伊犁哈萨克, Total: 1, Valid: 1, Valid Percent: 100.00%, Whitelist: 0, IPv4: 1, IPv6: 0, Min Delay: 4075 ms, Max Speed: 0.91 M/s, Avg Speed: 0.91 M/s, Max Resolution: None
Category: ☘️新疆频道, Name: 伊犁经济法制, Total: 2, Valid: 2, Valid Percent: 100.00%, Whitelist: 0, IPv4: 2, IPv6: 0, Min Delay: 6342 ms, Max Speed: 0.78 M/s, Avg Speed: 0.76 M/s, Max Resolution: None
Category: ☘️新疆频道, Name: 兵团五师双河新闻综合, Total: 2, Valid: 2, Valid Percent: 100.00%, Whitelist: 0, IPv4: 2, IPv6: 0, Min Delay: 1128 ms, Max Speed: 0.17 M/s, Avg Speed: 0.16 M/s, Max Resolution: 720x576
Category: ☘️新疆频道, Name: 奎屯哈萨克语, Total: 2, Valid: 2, Valid Percent: 100.00%, Whitelist: 0, IPv4: 2, IPv6: 0, Min Delay: 1706 ms, Max Speed: 0.08 M/s, Avg Speed: 0.07 M/s, Max Resolution: 1920x1080
Category: ☘️新疆频道, Name: 玛纳斯综合, Total: 1, Valid: 1, Valid Percent: 100.00%, Whitelist: 0, IPv4: 1, IPv6: 0, Min Delay: 6994 ms, Max Speed: 0.15 M/s, Avg Speed: 0.15 M/s, Max Resolution: 1920x1080
Category: ☘️新疆频道, Name: 新疆卫视, Total: 15, Valid: 0, Valid Percent: 0.00%, Whitelist: 0, IPv4: 0, IPv6: 15, Min Delay: -1 ms, Max Speed: 0.00 M/s, Avg Speed: 0.00 M/s, Max Resolution: None
Category: ☘️新疆频道, Name: 可克达拉综合, Total: 2, Valid: 1, Valid Percent: 50.00%, Whitelist: 0, IPv4: 2, IPv6: 0, Min Delay: 10214 ms, Max Speed: 0.09 M/s, Avg Speed: 0.09 M/s, Max Resolution: 1920x1080
Category: ☘️新疆频道, Name: 巴音郭楞州, Total: 1, Valid: 0, Valid Percent: 0.00%, Whitelist: 0, IPv4: 1, IPv6: 0, Min Delay: -1 ms, Max Speed: 0.00 M/s, Avg Speed: 0.00 M/s, Max Resolution: 1920x1080
Category: ☘️新疆频道, Name: 石河子教育, Total: 1, Valid: 0, Valid Percent: 0.00%, Whitelist: 0, IPv4: 1, IPv6: 0, Min Delay: 5058 ms, Max Speed: 0.00 M/s, Avg Speed: 0.00 M/s, Max Resolution: None
Category: ☘️新疆频道, Name: 石河子新闻综合, Total: 1, Valid: 0, Valid Percent: 0.00%, Whitelist: 0, IPv4: 1, IPv6: 0, Min Delay: 5056 ms, Max Speed: 0.00 M/s, Avg Speed: 0.00 M/s, Max Resolution: None
Category: ☘️山东频道, Name: 山东少儿, Total: 8, Valid: 0, Valid Percent: 0.00%, Whitelist: 0, IPv4: 0, IPv6: 8, Min Delay: -1 ms, Max Speed: 0.00 M/s, Avg Speed: 0.00 M/s, Max Resolution: None
Category: ☘️山东频道, Name: 山东新闻, Total: 7, Valid: 0, Valid Percent: 0.00%, Whitelist: 0, IPv4: 0, IPv6: 7, Min Delay: -1 ms, Max Speed: 0.00 M/s, Avg Speed: 0.00 M/s, Max Resolution: None
Category: ☘️山东频道, Name: 山东教育, Total: 26, Valid: 0, Valid Percent: 0.00%, Whitelist: 0, IPv4: 0, IPv6: 26, Min Delay: -1 ms, Max Speed: 0.00 M/s, Avg Speed: 0.00 M/s, Max Resolution: None
Category: ☘️山东频道, Name: 山东农科, Total: 1, Valid: 0, Valid Percent: 0.00%, Whitelist: 0, IPv4: 1, IPv6: 0, Min Delay: 10046 ms, Max Speed: 0.00 M/s, Avg Speed: 0.00 M/s, Max Resolution: None
Category: ☘️山东频道, Name: 山东齐鲁, Total: 2, Valid: 2, Valid Percent: 100.00%, Whitelist: 0, IPv4: 2, IPv6: 0, Min Delay: 10359 ms, Max Speed: 0.20 M/s, Avg Speed: 0.11 M/s, Max Resolution: 1920x1080
Category: ☘️山东频道, Name: 山东生活, Total: 1, Valid: 0, Valid Percent: 0.00%, Whitelist: 0, IPv4: 0, IPv6: 1, Min Delay: -1 ms, Max Speed: 0.00 M/s, Avg Speed: 0.00 M/s, Max Resolution: None
Category: ☘️山东频道, Name: 山东体育, Total: 10, Valid: 0, Valid Percent: 0.00%, Whitelist: 0, IPv4: 0, IPv6: 10, Min Delay: -1 ms, Max Speed: 0.00 M/s, Avg Speed: 0.00 M/s, Max Resolution: None
Category: ☘️山东频道, Name: 山东文旅, Total: 2, Valid: 1, Valid Percent: 50.00%, Whitelist: 0, IPv4: 2, IPv6: 0, Min Delay: 10061 ms, Max Speed: 0.01 M/s, Avg Speed: 0.01 M/s, Max Resolution: None
Category: ☘️山东频道, Name: 山东综艺, Total: 1, Valid: 0, Valid Percent: 0.00%, Whitelist: 0, IPv4: 1, IPv6: 0, Min Delay: 10931 ms, Max Speed: 0.00 M/s, Avg Speed: 0.00 M/s, Max Resolution: None
Category: ☘️山东频道, Name: 济南综合, Total: 2, Valid: 0, Valid Percent: 0.00%, Whitelist: 0, IPv4: 0, IPv6: 2, Min Delay: -1 ms, Max Speed: 0.00 M/s, Avg Speed: 0.00 M/s, Max Resolution: None
Category: ☘️山东频道, Name: 济南新闻综合, Total: 2, Valid: 0, Valid Percent: 0.00%, Whitelist: 0, IPv4: 0, IPv6: 2, Min Delay: -1 ms, Max Speed: 0.00 M/s, Avg Speed: 0.00 M/s, Max Resolution: None
Category: ☘️山东频道, Name: 济南教育, Total: 1, Valid: 0, Valid Percent: 0.00%, Whitelist: 0, IPv4: 0, IPv6: 1, Min Delay: -1 ms, Max Speed: 0.00 M/s, Avg Speed: 0.00 M/s, Max Resolution: None
Category: ☘️山东频道, Name: 潍坊新闻综合, Total: 2, Valid: 0, Valid Percent: 0.00%, Whitelist: 0, IPv4: 0, IPv6: 2, Min Delay: -1 ms, Max Speed: 0.00 M/s, Avg Speed: 0.00 M/s, Max Resolution: None
Category: ☘️山西频道, Name: 万荣综合, Total: 1, Valid: 1, Valid Percent: 100.00%, Whitelist: 0, IPv4: 1, IPv6: 0, Min Delay: 1944 ms, Max Speed: 0.14 M/s, Avg Speed: 0.14 M/s, Max Resolution: 720x404
Category: ☘️山西频道, Name: 古县综合, Total: 1, Valid: 1, Valid Percent: 100.00%, Whitelist: 0, IPv4: 1, IPv6: 0, Min Delay: 2573 ms, Max Speed: 0.66 M/s, Avg Speed: 0.66 M/s, Max Resolution: 720x480
Category: ☘️山西频道, Name: 大宁综合, Total: 1, Valid: 1, Valid Percent: 100.00%, Whitelist: 0, IPv4: 1, IPv6: 0, Min Delay: 10511 ms, Max Speed: 0.01 M/s, Avg Speed: 0.01 M/s, Max Resolution: None
Category: ☘️山西频道, Name: 太谷新闻综合, Total: 3, Valid: 3, Valid Percent: 100.00%, Whitelist: 0, IPv4: 3, IPv6: 0, Min Delay: 329 ms, Max Speed: 4.18 M/s, Avg Speed: 2.58 M/s, Max Resolution: 1920x1080
Category: ☘️山西频道, Name: 定襄综合, Total: 1, Valid: 1, Valid Percent: 100.00%, Whitelist: 0, IPv4: 1, IPv6: 0, Min Delay: 2083 ms, Max Speed: 0.44 M/s, Avg Speed: 0.44 M/s, Max Resolution: 1280x720
Category: ☘️山西频道, Name: 平遥新闻综合, Total: 1, Valid: 1, Valid Percent: 100.00%, Whitelist: 0, IPv4: 1, IPv6: 0, Min Delay: 1404 ms, Max Speed: 0.15 M/s, Avg Speed: 0.15 M/s, Max Resolution: 1920x1080
Category: ☘️山西频道, Name: 武乡新闻综合, Total: 4, Valid: 0, Valid Percent: 0.00%, Whitelist: 0, IPv4: 0, IPv6: 4, Min Delay: -1 ms, Max Speed: 0.00 M/s, Avg Speed: 0.00 M/s, Max Resolution: None
Category: ☘️山西频道, Name: 汾西综合, Total: 1, Valid: 1, Valid Percent: 100.00%, Whitelist: 0, IPv4: 1, IPv6: 0, Min Delay: 2127 ms, Max Speed: 0.48 M/s, Avg Speed: 0.48 M/s, Max Resolution: 1920x1080
Category: ☘️山西频道, Name: 祁县新闻综合, Total: 1, Valid: 1, Valid Percent: 100.00%, Whitelist: 0, IPv4: 1, IPv6: 0, Min Delay: 1469 ms, Max Speed: 0.15 M/s, Avg Speed: 0.15 M/s, Max Resolution: 640x360
Category: ☘️山西频道, Name: 运城科技教育, Total: 2, Valid: 0, Valid Percent: 0.00%, Whitelist: 0, IPv4: 0, IPv6: 2, Min Delay: -1 ms, Max Speed: 0.00 M/s, Avg Speed: 0.00 M/s, Max Resolution: None
Category: ☘️山西频道, Name: 长子综合, Total: 1, Valid: 1, Valid Percent: 100.00%, Whitelist: 0, IPv4: 1, IPv6: 0, Min Delay: 10466 ms, Max Speed: 0.05 M/s, Avg Speed: 0.05 M/s, Max Resolution: 720x576
Category: ☘️山西频道, Name: 黎城综合, Total: 1, Valid: 1, Valid Percent: 100.00%, Whitelist: 0, IPv4: 1, IPv6: 0, Min Delay: 2232 ms, Max Speed: 1.20 M/s, Avg Speed: 1.20 M/s, Max Resolution: 1920x1080
Category: ☘️安徽频道, Name: 安徽国际, Total: 2, Valid: 0, Valid Percent: 0.00%, Whitelist: 0, IPv4: 0, IPv6: 2, Min Delay: -1 ms, Max Speed: 0.00 M/s, Avg Speed: 0.00 M/s, Max Resolution: None
Category: ☘️安徽频道, Name: 安徽影视, Total: 5, Valid: 0, Valid Percent: 0.00%, Whitelist: 0, IPv4: 0, IPv6: 5, Min Delay: -1 ms, Max Speed: 0.00 M/s, Avg Speed: 0.00 M/s, Max Resolution: None
Category: ☘️安徽频道, Name: 安徽经济生活, Total: 1, Valid: 0, Valid Percent: 0.00%, Whitelist: 0, IPv4: 0, IPv6: 1, Min Delay: -1 ms, Max Speed: 0.00 M/s, Avg Speed: 0.00 M/s, Max Resolution: None
Category: ☘️安徽频道, Name: 安徽综艺体育, Total: 5, Valid: 0, Valid Percent: 0.00%, Whitelist: 0, IPv4: 0, IPv6: 5, Min Delay: -1 ms, Max Speed: 0.00 M/s, Avg Speed: 0.00 M/s, Max Resolution: None
Category: ☘️安徽频道, Name: 安徽导视, Total: 1, Valid: 0, Valid Percent: 0.00%, Whitelist: 0, IPv4: 0, IPv6: 1, Min Delay: -1 ms, Max Speed: 0.00 M/s, Avg Speed: 0.00 M/s, Max Resolution: None
Category: ☘️安徽频道, Name: 合肥新闻, Total: 1, Valid: 1, Valid Percent: 100.00%, Whitelist: 0, IPv4: 1, IPv6: 0, Min Delay: 10363 ms, Max Speed: 0.17 M/s, Avg Speed: 0.17 M/s, Max Resolution: 720x576
Category: ☘️安徽频道, Name: 固镇新闻, Total: 2, Valid: 2, Valid Percent: 100.00%, Whitelist: 0, IPv4: 2, IPv6: 0, Min Delay: 9833 ms, Max Speed: 0.15 M/s, Avg Speed: 0.11 M/s, Max Resolution: 1920x1080
Category: ☘️安徽频道, Name: 黄山新闻综合, Total: 2, Valid: 0, Valid Percent: 0.00%, Whitelist: 0, IPv4: 0, IPv6: 2, Min Delay: -1 ms, Max Speed: 0.00 M/s, Avg Speed: 0.00 M/s, Max Resolution: None
Category: ☘️安徽频道, Name: 黄山公共生活, Total: 1, Valid: 0, Valid Percent: 0.00%, Whitelist: 0, IPv4: 0, IPv6: 1, Min Delay: -1 ms, Max Speed: 0.00 M/s, Avg Speed: 0.00 M/s, Max Resolution: None
Category: ☘️安徽频道, Name: 铜陵新闻综合, Total: 1, Valid: 0, Valid Percent: 0.00%, Whitelist: 0, IPv4: 0, IPv6: 1, Min Delay: -1 ms, Max Speed: 0.00 M/s, Avg Speed: 0.00 M/s, Max Resolution: None
Category: ☘️安徽频道, Name: 祁门综合, Total: 3, Valid: 0, Valid Percent: 0.00%, Whitelist: 0, IPv4: 2, IPv6: 1, Min Delay: -1 ms, Max Speed: 0.00 M/s, Avg Speed: 0.00 M/s, Max Resolution: 1920x1080
Category: ☘️安徽频道, Name: 灵璧综合, Total: 2, Valid: 2, Valid Percent: 100.00%, Whitelist: 0, IPv4: 2, IPv6: 0, Min Delay: 2627 ms, Max Speed: 0.23 M/s, Avg Speed: 0.23 M/s, Max Resolution: 640x480
Category: ☘️安徽频道, Name: 滁州科教, Total: 3, Valid: 0, Valid Percent: 0.00%, Whitelist: 0, IPv4: 0, IPv6: 3, Min Delay: -1 ms, Max Speed: 0.00 M/s, Avg Speed: 0.00 M/s, Max Resolution: None
Category: ☘️安徽频道, Name: 滁州新闻综合, Total: 1, Valid: 0, Valid Percent: 0.00%, Whitelist: 0, IPv4: 0, IPv6: 1, Min Delay: -1 ms, Max Speed: 0.00 M/s, Avg Speed: 0.00 M/s, Max Resolution: None
Category: ☘️安徽频道, Name: 滁州市广播电视台 新闻综合, Total: 1, Valid: 0, Valid Percent: 0.00%, Whitelist: 0, IPv4: 0, IPv6: 1, Min Delay: -1 ms, Max Speed: 0.00 M/s, Avg Speed: 0.00 M/s, Max Resolution: None
Category: ☘️安徽频道, Name: 滁州市广播电视台 公共, Total: 1, Valid: 0, Valid Percent: 0.00%, Whitelist: 0, IPv4: 0, IPv6: 1, Min Delay: -1 ms, Max Speed: 0.00 M/s, Avg Speed: 0.00 M/s, Max Resolution: None
Category: ☘️安徽频道, Name: 滁州公共, Total: 1, Valid: 0, Valid Percent: 0.00%, Whitelist: 0, IPv4: 0, IPv6: 1, Min Delay: -1 ms, Max Speed: 0.00 M/s, Avg Speed: 0.00 M/s, Max Resolution: None
Category: ☘️安徽频道, Name: 涡阳新闻综合, Total: 1, Valid: 1, Valid Percent: 100.00%, Whitelist: 0, IPv4: 1, IPv6: 0, Min Delay: 1878 ms, Max Speed: 0.24 M/s, Avg Speed: 0.24 M/s, Max Resolution: 544x480
Category: ☘️安徽频道, Name: 广德生活, Total: 1, Valid: 1, Valid Percent: 100.00%, Whitelist: 0, IPv4: 1, IPv6: 0, Min Delay: 1148 ms, Max Speed: 0.11 M/s, Avg Speed: 0.11 M/s, Max Resolution: 1920x1080
Category: ☘️安徽频道, Name: 宿州新闻综合, Total: 3, Valid: 0, Valid Percent: 0.00%, Whitelist: 0, IPv4: 0, IPv6: 3, Min Delay: -1 ms, Max Speed: 0.00 M/s, Avg Speed: 0.00 M/s, Max Resolution: None
Category: ☘️安徽频道, Name: 宿州公共, Total: 1, Valid: 0, Valid Percent: 0.00%, Whitelist: 0, IPv4: 0, IPv6: 1, Min Delay: -1 ms, Max Speed: 0.00 M/s, Avg Speed: 0.00 M/s, Max Resolution: None
Category: ☘️安徽频道, Name: 六安新闻综合, Total: 1, Valid: 0, Valid Percent: 0.00%, Whitelist: 0, IPv4: 0, IPv6: 1, Min Delay: -1 ms, Max Speed: 0.00 M/s, Avg Speed: 0.00 M/s, Max Resolution: None
Category: ☘️安徽频道, Name: 六安公共, Total: 1, Valid: 0, Valid Percent: 0.00%, Whitelist: 0, IPv4: 0, IPv6: 1, Min Delay: -1 ms, Max Speed: 0.00 M/s, Avg Speed: 0.00 M/s, Max Resolution: None
Category: ☘️安徽频道, Name: 亳州新闻, Total: 1, Valid: 0, Valid Percent: 0.00%, Whitelist: 0, IPv4: 0, IPv6: 1, Min Delay: -1 ms, Max Speed: 0.00 M/s, Avg Speed: 0.00 M/s, Max Resolution: None
Category: ☘️安徽频道, Name: 亳州农村, Total: 2, Valid: 0, Valid Percent: 0.00%, Whitelist: 0, IPv4: 0, IPv6: 2, Min Delay: -1 ms, Max Speed: 0.00 M/s, Avg Speed: 0.00 M/s, Max Resolution: None
Category: ☘️宁夏频道, Name: 宁夏经济, Total: 1, Valid: 0, Valid Percent: 0.00%, Whitelist: 0, IPv4: 0, IPv6: 1, Min Delay: -1 ms, Max Speed: 0.00 M/s, Avg Speed: 0.00 M/s, Max Resolution: None
Category: ☘️宁夏频道, Name: 吴忠综合, Total: 2, Valid: 2, Valid Percent: 100.00%, Whitelist: 0, IPv4: 2, IPv6: 0, Min Delay: 1208 ms, Max Speed: 0.07 M/s, Avg Speed: 0.07 M/s, Max Resolution: 320x240
Category: ☘️宁夏频道, Name: 吴忠公共, Total: 2, Valid: 2, Valid Percent: 100.00%, Whitelist: 0, IPv4: 2, IPv6: 0, Min Delay: 1209 ms, Max Speed: 0.07 M/s, Avg Speed: 0.07 M/s, Max Resolution: 320x240
Category: ☘️吉林频道, Name: 延边卫视, Total: 3, Valid: 0, Valid Percent: 0.00%, Whitelist: 0, IPv4: 0, IPv6: 3, Min Delay: -1 ms, Max Speed: 0.00 M/s, Avg Speed: 0.00 M/s, Max Resolution: None
Category: ☘️吉林频道, Name: 吉林乡村, Total: 1, Valid: 1, Valid Percent: 100.00%, Whitelist: 0, IPv4: 1, IPv6: 0, Min Delay: 26 ms, Max Speed: 4.15 M/s, Avg Speed: 4.15 M/s, Max Resolution: None
Category: ☘️吉林频道, Name: 长白山电视台, Total: 1, Valid: 1, Valid Percent: 100.00%, Whitelist: 0, IPv4: 1, IPv6: 0, Min Delay: 843 ms, Max Speed: 0.10 M/s, Avg Speed: 0.10 M/s, Max Resolution: 320x240
Category: ☘️吉林频道, Name: 德惠综合, Total: 2, Valid: 2, Valid Percent: 100.00%, Whitelist: 0, IPv4: 2, IPv6: 0, Min Delay: 1830 ms, Max Speed: 0.68 M/s, Avg Speed: 0.68 M/s, Max Resolution: 720x576
Category: ☘️吉林频道, Name: 九台综合, Total: 3, Valid: 3, Valid Percent: 100.00%, Whitelist: 0, IPv4: 3, IPv6: 0, Min Delay: 1246 ms, Max Speed: 0.21 M/s, Avg Speed: 0.21 M/s, Max Resolution: 720x576
Category: ☘️吉林频道, Name: 长白朝语, Total: 1, Valid: 0, Valid Percent: 0.00%, Whitelist: 0, IPv4: 0, IPv6: 1, Min Delay: -1 ms, Max Speed: 0.00 M/s, Avg Speed: 0.00 M/s, Max Resolution: None
Category: ☘️吉林频道, Name: 靖宇综合, Total: 1, Valid: 1, Valid Percent: 100.00%, Whitelist: 0, IPv4: 1, IPv6: 0, Min Delay: 600 ms, Max Speed: 0.06 M/s, Avg Speed: 0.06 M/s, Max Resolution: None
Category: ☘️吉林频道, Name: 敦化一套, Total: 2, Valid: 2, Valid Percent: 100.00%, Whitelist: 0, IPv4: 2, IPv6: 0, Min Delay: 892 ms, Max Speed: 0.13 M/s, Avg Speed: 0.13 M/s, Max Resolution: 720x576
Category: ☘️吉林频道, Name: 珲春新闻综合, Total: 1, Valid: 0, Valid Percent: 0.00%, Whitelist: 0, IPv4: 0, IPv6: 1, Min Delay: -1 ms, Max Speed: 0.00 M/s, Avg Speed: 0.00 M/s, Max Resolution: None
Category: ☘️吉林频道, Name: 龙井综合, Total: 1, Valid: 1, Valid Percent: 100.00%, Whitelist: 0, IPv4: 1, IPv6: 0, Min Delay: 705 ms, Max Speed: 0.06 M/s, Avg Speed: 0.06 M/s, Max Resolution: None
Category: ☘️吉林频道, Name: 梅河口综合, Total: 1, Valid: 1, Valid Percent: 100.00%, Whitelist: 0, IPv4: 1, IPv6: 0, Min Delay: 638 ms, Max Speed: 0.06 M/s, Avg Speed: 0.06 M/s, Max Resolution: None
Category: ☘️吉林频道, Name: 桦甸综合, Total: 1, Valid: 1, Valid Percent: 100.00%, Whitelist: 0, IPv4: 1, IPv6: 0, Min Delay: 695 ms, Max Speed: 0.06 M/s, Avg Speed: 0.06 M/s, Max Resolution: None
Category: ☘️吉林频道, Name: 磐石综合, Total: 1, Valid: 1, Valid Percent: 100.00%, Whitelist: 0, IPv4: 1, IPv6: 0, Min Delay: 609 ms, Max Speed: 0.06 M/s, Avg Speed: 0.06 M/s, Max Resolution: None
Category: ☘️吉林频道, Name: 舒兰新闻综合, Total: 2, Valid: 2, Valid Percent: 100.00%, Whitelist: 0, IPv4: 2, IPv6: 0, Min Delay: 852 ms, Max Speed: 0.10 M/s, Avg Speed: 0.10 M/s, Max Resolution: 320x240
Category: ☘️吉林频道, Name: 东丰综合, Total: 1, Valid: 1, Valid Percent: 100.00%, Whitelist: 0, IPv4: 1, IPv6: 0, Min Delay: 929 ms, Max Speed: 0.05 M/s, Avg Speed: 0.05 M/s, Max Resolution: None
Category: ☘️吉林频道, Name: 双辽综合, Total: 1, Valid: 1, Valid Percent: 100.00%, Whitelist: 0, IPv4: 1, IPv6: 0, Min Delay: 659 ms, Max Speed: 0.06 M/s, Avg Speed: 0.06 M/s, Max Resolution: None
Category: ☘️吉林频道, Name: 辉南新闻综合, Total: 3, Valid: 3, Valid Percent: 100.00%, Whitelist: 0, IPv4: 3, IPv6: 0, Min Delay: 1382 ms, Max Speed: 0.30 M/s, Avg Speed: 0.29 M/s, Max Resolution: 720x576
Category: ☘️吉林频道, Name: 柳河综合, Total: 1, Valid: 1, Valid Percent: 100.00%, Whitelist: 0, IPv4: 1, IPv6: 0, Min Delay: 625 ms, Max Speed: 0.06 M/s, Avg Speed: 0.06 M/s, Max Resolution: None
Category: ☘️吉林频道, Name: 通化县综合, Total: 1, Valid: 1, Valid Percent: 100.00%, Whitelist: 0, IPv4: 1, IPv6: 0, Min Delay: 606 ms, Max Speed: 0.05 M/s, Avg Speed: 0.05 M/s, Max Resolution: None
Category: ☘️吉林频道, Name: 汪清综合, Total: 3, Valid: 3, Valid Percent: 100.00%, Whitelist: 0, IPv4: 3, IPv6: 0, Min Delay: 859 ms, Max Speed: 0.10 M/s, Avg Speed: 0.10 M/s, Max Resolution: 320x240
Category: ☘️内蒙古频道, Name: 内蒙经济, Total: 1, Valid: 0, Valid Percent: 0.00%, Whitelist: 0, IPv4: 0, IPv6: 1, Min Delay: -1 ms, Max Speed: 0.00 M/s, Avg Speed: 0.00 M/s, Max Resolution: None
Category: ☘️内蒙古频道, Name: 内蒙农牧, Total: 1, Valid: 1, Valid Percent: 100.00%, Whitelist: 0, IPv4: 1, IPv6: 0, Min Delay: 1544 ms, Max Speed: 0.70 M/s, Avg Speed: 0.70 M/s, Max Resolution: 1920x1080
Category: ☘️内蒙古频道, Name: 内蒙古经济生活, Total: 2, Valid: 1, Valid Percent: 50.00%, Whitelist: 0, IPv4: 1, IPv6: 1, Min Delay: 1701 ms, Max Speed: 0.68 M/s, Avg Speed: 0.68 M/s, Max Resolution: 1920x1080
Category: ☘️内蒙古频道, Name: 内蒙古少儿, Total: 1, Valid: 1, Valid Percent: 100.00%, Whitelist: 0, IPv4: 1, IPv6: 0, Min Delay: 1753 ms, Max Speed: 0.95 M/s, Avg Speed: 0.95 M/s, Max Resolution: 1920x1080
Category: ☘️内蒙古频道, Name: 内蒙古文体娱乐, Total: 1, Valid: 1, Valid Percent: 100.00%, Whitelist: 0, IPv4: 1, IPv6: 0, Min Delay: 1577 ms, Max Speed: 0.64 M/s, Avg Speed: 0.64 M/s, Max Resolution: 1920x1080
Category: ☘️内蒙古频道, Name: 内蒙古蒙语文化, Total: 1, Valid: 1, Valid Percent: 100.00%, Whitelist: 0, IPv4: 1, IPv6: 0, Min Delay: 1678 ms, Max Speed: 0.78 M/s, Avg Speed: 0.78 M/s, Max Resolution: 1920x1080
Category: ☘️云南频道, Name: 文山州公共, Total: 2, Valid: 0, Valid Percent: 0.00%, Whitelist: 0, IPv4: 0, IPv6: 2, Min Delay: -1 ms, Max Speed: 0.00 M/s, Avg Speed: 0.00 M/s, Max Resolution: None
Category: ☘️云南频道, Name: 文山州新闻综合, Total: 1, Valid: 0, Valid Percent: 0.00%, Whitelist: 0, IPv4: 0, IPv6: 1, Min Delay: -1 ms, Max Speed: 0.00 M/s, Avg Speed: 0.00 M/s, Max Resolution: None
Category: ☘️云南频道, Name: 易门综合, Total: 1, Valid: 1, Valid Percent: 100.00%, Whitelist: 0, IPv4: 1, IPv6: 0, Min Delay: 1519 ms, Max Speed: 0.17 M/s, Avg Speed: 0.17 M/s, Max Resolution: 1920x1080
Category: ☘️云南频道, Name: 江川综合, Total: 1, Valid: 1, Valid Percent: 100.00%, Whitelist: 0, IPv4: 1, IPv6: 0, Min Delay: 811 ms, Max Speed: 0.02 M/s, Avg Speed: 0.02 M/s, Max Resolution: None
Category: ☘️云南频道, Name: 蒙自综合, Total: 1, Valid: 1, Valid Percent: 100.00%, Whitelist: 0, IPv4: 1, IPv6: 0, Min Delay: 919 ms, Max Speed: 0.02 M/s, Avg Speed: 0.02 M/s, Max Resolution: None
Category: ☘️云南频道, Name: 通海电视台, Total: 1, Valid: 1, Valid Percent: 100.00%, Whitelist: 0, IPv4: 1, IPv6: 0, Min Delay: 1438 ms, Max Speed: 0.14 M/s, Avg Speed: 0.14 M/s, Max Resolution: 1920x1080
Category: ☘️云南频道, Name: 陇川综合, Total: 1, Valid: 1, Valid Percent: 100.00%, Whitelist: 0, IPv4: 1, IPv6: 0, Min Delay: 2069 ms, Max Speed: 0.55 M/s, Avg Speed: 0.55 M/s, Max Resolution: 1920x1080
Category: ☘️云南频道, Name: 麻栗坡电视台, Total: 1, Valid: 1, Valid Percent: 100.00%, Whitelist: 0, IPv4: 1, IPv6: 0, Min Delay: 567 ms, Max Speed: 0.07 M/s, Avg Speed: 0.07 M/s, Max Resolution: 1920x1080
Category: ☘️云南频道, Name: 云南都市, Total: 1, Valid: 1, Valid Percent: 100.00%, Whitelist: 0, IPv4: 1, IPv6: 0, Min Delay: 1572 ms, Max Speed: 0.26 M/s, Avg Speed: 0.26 M/s, Max Resolution: 1280x720
Category: ☘️云南频道, Name: 云南娱乐, Total: 1, Valid: 1, Valid Percent: 100.00%, Whitelist: 0, IPv4: 1, IPv6: 0, Min Delay: 1588 ms, Max Speed: 0.29 M/s, Avg Speed: 0.29 M/s, Max Resolution: 1280x720
Category: ☘️青海频道, Name: 安多卫视, Total: 4, Valid: 0, Valid Percent: 0.00%, Whitelist: 0, IPv4: 0, IPv6: 4, Min Delay: -1 ms, Max Speed: 0.00 M/s, Avg Speed: 0.00 M/s, Max Resolution: None
Category: ☘️青海频道, Name: 西宁新闻综合, Total: 10, Valid: 0, Valid Percent: 0.00%, Whitelist: 0, IPv4: 0, IPv6: 10, Min Delay: -1 ms, Max Speed: 0.00 M/s, Avg Speed: 0.00 M/s, Max Resolution: None
Category: ☘️青海频道, Name: 西宁生活服务, Total: 4, Valid: 0, Valid Percent: 0.00%, Whitelist: 0, IPv4: 0, IPv6: 4, Min Delay: -1 ms, Max Speed: 0.00 M/s, Avg Speed: 0.00 M/s, Max Resolution: None
Category: ☘️青海频道, Name: 青海都市, Total: 2, Valid: 0, Valid Percent: 0.00%, Whitelist: 0, IPv4: 0, IPv6: 2, Min Delay: -1 ms, Max Speed: 0.00 M/s, Avg Speed: 0.00 M/s, Max Resolution: None
Category: ☘️黑龙江频道, Name: 黑龙江文体, Total: 7, Valid: 0, Valid Percent: 0.00%, Whitelist: 0, IPv4: 0, IPv6: 7, Min Delay: -1 ms, Max Speed: 0.00 M/s, Avg Speed: 0.00 M/s, Max Resolution: None
Category: ☘️黑龙江频道, Name: 黑龙江新闻法治, Total: 6, Valid: 0, Valid Percent: 0.00%, Whitelist: 0, IPv4: 0, IPv6: 6, Min Delay: -1 ms, Max Speed: 0.00 M/s, Avg Speed: 0.00 M/s, Max Resolution: None
Category: ☘️黑龙江频道, Name: 黑龙江影视, Total: 5, Valid: 0, Valid Percent: 0.00%, Whitelist: 0, IPv4: 0, IPv6: 5, Min Delay: -1 ms, Max Speed: 0.00 M/s, Avg Speed: 0.00 M/s, Max Resolution: None
Category: ☘️黑龙江频道, Name: 黑龙江都市, Total: 8, Valid: 0, Valid Percent: 0.00%, Whitelist: 0, IPv4: 0, IPv6: 8, Min Delay: -1 ms, Max Speed: 0.00 M/s, Avg Speed: 0.00 M/s, Max Resolution: None
Category: ☘️黑龙江频道, Name: 黑龙江少儿, Total: 4, Valid: 0, Valid Percent: 0.00%, Whitelist: 0, IPv4: 0, IPv6: 4, Min Delay: -1 ms, Max Speed: 0.00 M/s, Avg Speed: 0.00 M/s, Max Resolution: None
Category: ☘️黑龙江频道, Name: 黑龙江新闻, Total: 3, Valid: 0, Valid Percent: 0.00%, Whitelist: 0, IPv4: 0, IPv6: 3, Min Delay: -1 ms, Max Speed: 0.00 M/s, Avg Speed: 0.00 M/s, Max Resolution: None
Category: ☘️黑龙江频道, Name: 哈尔滨新闻综合, Total: 1, Valid: 0, Valid Percent: 0.00%, Whitelist: 0, IPv4: 0, IPv6: 1, Min Delay: -1 ms, Max Speed: 0.00 M/s, Avg Speed: 0.00 M/s, Max Resolution: None
Category: ☘️黑龙江频道, Name: 哈尔滨影视, Total: 6, Valid: 5, Valid Percent: 83.33%, Whitelist: 0, IPv4: 6, IPv6: 0, Min Delay: 241 ms, Max Speed: 0.02 M/s, Avg Speed: 0.01 M/s, Max Resolution: 640x480
Category: ☘️黑龙江频道, Name: 哈尔滨资讯, Total: 1, Valid: 1, Valid Percent: 100.00%, Whitelist: 0, IPv4: 1, IPv6: 0, Min Delay: 2490 ms, Max Speed: 0.01 M/s, Avg Speed: 0.01 M/s, Max Resolution: None
Category: ☘️黑龙江频道, Name: 哈尔滨生活, Total: 5, Valid: 4, Valid Percent: 80.00%, Whitelist: 0, IPv4: 5, IPv6: 0, Min Delay: 236 ms, Max Speed: 0.02 M/s, Avg Speed: 0.01 M/s, Max Resolution: 640x480
Category: ☘️黑龙江频道, Name: 哈尔滨娱乐, Total: 1, Valid: 1, Valid Percent: 100.00%, Whitelist: 0, IPv4: 1, IPv6: 0, Min Delay: 10550 ms, Max Speed: 0.00 M/s, Avg Speed: 0.00 M/s, Max Resolution: None
Category: ☘️黑龙江频道, Name: 大庆新闻综合, Total: 1, Valid: 0, Valid Percent: 0.00%, Whitelist: 0, IPv4: 0, IPv6: 1, Min Delay: -1 ms, Max Speed: 0.00 M/s, Avg Speed: 0.00 M/s, Max Resolution: None
Category: ☘️黑龙江频道, Name: 鹤岗新闻综合, Total: 3, Valid: 0, Valid Percent: 0.00%, Whitelist: 0, IPv4: 0, IPv6: 3, Min Delay: -1 ms, Max Speed: 0.00 M/s, Avg Speed: 0.00 M/s, Max Resolution: None
Category: ☘️黑龙江频道, Name: 七台河新闻综合, Total: 1, Valid: 1, Valid Percent: 100.00%, Whitelist: 0, IPv4: 1, IPv6: 0, Min Delay: 5345 ms, Max Speed: 0.26 M/s, Avg Speed: 0.26 M/s, Max Resolution: 1280x720
Category: ☘️黑龙江频道, Name: 甘南县综合, Total: 1, Valid: 1, Valid Percent: 100.00%, Whitelist: 0, IPv4: 1, IPv6: 0, Min Delay: 3040 ms, Max Speed: 0.01 M/s, Avg Speed: 0.01 M/s, Max Resolution: 640x480
Category: ☘️黑龙江频道, Name: 齐齐哈尔新闻综合, Total: 3, Valid: 0, Valid Percent: 0.00%, Whitelist: 0, IPv4: 0, IPv6: 3, Min Delay: -1 ms, Max Speed: 0.00 M/s, Avg Speed: 0.00 M/s, Max Resolution: None
Category: ☘️黑龙江频道, Name: 双鸭山综合, Total: 2, Valid: 1, Valid Percent: 50.00%, Whitelist: 0, IPv4: 2, IPv6: 0, Min Delay: 2357 ms, Max Speed: 0.41 M/s, Avg Speed: 0.41 M/s, Max Resolution: 1280x720
Category: 🌊港·澳·台, Name: 翡翠台, Total: 98, Valid: 2, Valid Percent: 2.04%, Whitelist: 0, IPv4: 2, IPv6: 96, Min Delay: 25 ms, Max Speed: 12.21 M/s, Avg Speed: 11.13 M/s, Max Resolution: 1920x1080
Category: 🌊港·澳·台, Name: 明珠台, Total: 47, Valid: 0, Valid Percent: 0.00%, Whitelist: 0, IPv4: 0, IPv6: 47, Min Delay: -1 ms, Max Speed: 0.00 M/s, Avg Speed: 0.00 M/s, Max Resolution: None
Category: 🌊港·澳·台, Name: 凤凰中文, Total: 71, Valid: 3, Valid Percent: 4.23%, Whitelist: 0, IPv4: 3, IPv6: 68, Min Delay: 24 ms, Max Speed: 41.09 M/s, Avg Speed: 17.99 M/s, Max Resolution: 1920x1080
Category: 🌊港·澳·台, Name: 凤凰资讯, Total: 70, Valid: 1, Valid Percent: 1.43%, Whitelist: 0, IPv4: 1, IPv6: 69, Min Delay: 682 ms, Max Speed: 0.14 M/s, Avg Speed: 0.14 M/s, Max Resolution: None
Category: 🌊港·澳·台, Name: 凤凰香港, Total: 60, Valid: 1, Valid Percent: 1.67%, Whitelist: 0, IPv4: 1, IPv6: 59, Min Delay: 23 ms, Max Speed: 13.17 M/s, Avg Speed: 13.17 M/s, Max Resolution: 1920x1080
Category: 🌊港·澳·台, Name: 凤凰卫视, Total: 1, Valid: 0, Valid Percent: 0.00%, Whitelist: 0, IPv4: 0, IPv6: 1, Min Delay: -1 ms, Max Speed: 0.00 M/s, Avg Speed: 0.00 M/s, Max Resolution: None
Category: 🌊港·澳·台, Name: TVBS亚洲, Total: 2, Valid: 1, Valid Percent: 50.00%, Whitelist: 0, IPv4: 1, IPv6: 1, Min Delay: 5801 ms, Max Speed: 0.50 M/s, Avg Speed: 0.50 M/s, Max Resolution: 1920x1080
Category: 🌊港·澳·台, Name: 香港卫视, Total: 12, Valid: 0, Valid Percent: 0.00%, Whitelist: 0, IPv4: 0, IPv6: 12, Min Delay: -1 ms, Max Speed: 0.00 M/s, Avg Speed: 0.00 M/s, Max Resolution: None
Category: 🌊港·澳·台, Name: 纬来体育, Total: 8, Valid: 3, Valid Percent: 37.50%, Whitelist: 0, IPv4: 3, IPv6: 5, Min Delay: 28 ms, Max Speed: 11.15 M/s, Avg Speed: 10.83 M/s, Max Resolution: 1920x1080
Category: 🌊港·澳·台, Name: 纬来育乐, Total: 10, Valid: 1, Valid Percent: 10.00%, Whitelist: 0, IPv4: 1, IPv6: 9, Min Delay: 25 ms, Max Speed: 12.25 M/s, Avg Speed: 12.25 M/s, Max Resolution: 1920x1080
Category: 🌊港·澳·台, Name: J2, Total: 1, Valid: 0, Valid Percent: 0.00%, Whitelist: 0, IPv4: 0, IPv6: 1, Min Delay: -1 ms, Max Speed: 0.00 M/s, Avg Speed: 0.00 M/s, Max Resolution: None
Category: 🌊港·澳·台, Name: Viutv, Total: 2, Valid: 1, Valid Percent: 50.00%, Whitelist: 0, IPv4: 1, IPv6: 1, Min Delay: 26 ms, Max Speed: 11.69 M/s, Avg Speed: 11.69 M/s, Max Resolution: 1920x1080
Category: 🌊港·澳·台, Name: 三立台湾, Total: 2, Valid: 1, Valid Percent: 50.00%, Whitelist: 0, IPv4: 1, IPv6: 1, Min Delay: 25 ms, Max Speed: 12.44 M/s, Avg Speed: 12.44 M/s, Max Resolution: 1920x1080
Category: 🌊港·澳·台, Name: 三立新闻, Total: 9, Valid: 1, Valid Percent: 11.11%, Whitelist: 0, IPv4: 1, IPv6: 8, Min Delay: 27 ms, Max Speed: 11.46 M/s, Avg Speed: 11.46 M/s, Max Resolution: 1920x1080
Category: 🌊港·澳·台, Name: 东森综合, Total: 3, Valid: 2, Valid Percent: 66.67%, Whitelist: 0, IPv4: 2, IPv6: 1, Min Delay: 24 ms, Max Speed: 13.03 M/s, Avg Speed: 12.11 M/s, Max Resolution: 1920x1080
Category: 🌊港·澳·台, Name: 东森超视, Total: 13, Valid: 3, Valid Percent: 23.08%, Whitelist: 0, IPv4: 3, IPv6: 10, Min Delay: 24 ms, Max Speed: 12.80 M/s, Avg Speed: 8.05 M/s, Max Resolution: 1920x1080
Category: 🌊港·澳·台, Name: 东森电影, Total: 3, Valid: 1, Valid Percent: 33.33%, Whitelist: 0, IPv4: 1, IPv6: 2, Min Delay: 27 ms, Max Speed: 11.51 M/s, Avg Speed: 11.51 M/s, Max Resolution: 1920x1080
Category: 🌊港·澳·台, Name: Now剧集, Total: 1, Valid: 0, Valid Percent: 0.00%, Whitelist: 0, IPv4: 1, IPv6: 0, Min Delay: 317 ms, Max Speed: 0.00 M/s, Avg Speed: 0.00 M/s, Max Resolution: None
Category: 🌊港·澳·台, Name: Now华剧, Total: 1, Valid: 1, Valid Percent: 100.00%, Whitelist: 0, IPv4: 1, IPv6: 0, Min Delay: 1065 ms, Max Speed: 0.67 M/s, Avg Speed: 0.67 M/s, Max Resolution: 1024x576
Category: 🌊港·澳·台, Name: 靖天资讯, Total: 13, Valid: 1, Valid Percent: 7.69%, Whitelist: 0, IPv4: 1, IPv6: 12, Min Delay: 25 ms, Max Speed: 12.18 M/s, Avg Speed: 12.18 M/s, Max Resolution: 1920x1080
Category: 🎬电影频道, Name: CHC家庭影院, Total: 5, Valid: 0, Valid Percent: 0.00%, Whitelist: 0, IPv4: 0, IPv6: 5, Min Delay: -1 ms, Max Speed: 0.00 M/s, Avg Speed: 0.00 M/s, Max Resolution: None
Category: 🎬电影频道, Name: CHC动作电影, Total: 7, Valid: 0, Valid Percent: 0.00%, Whitelist: 0, IPv4: 0, IPv6: 7, Min Delay: -1 ms, Max Speed: 0.00 M/s, Avg Speed: 0.00 M/s, Max Resolution: None
Category: 🎬电影频道, Name: 淘剧场, Total: 3, Valid: 0, Valid Percent: 0.00%, Whitelist: 0, IPv4: 0, IPv6: 3, Min Delay: -1 ms, Max Speed: 0.00 M/s, Avg Speed: 0.00 M/s, Max Resolution: None
Category: 🎬电影频道, Name: 淘娱乐, Total: 3, Valid: 0, Valid Percent: 0.00%, Whitelist: 0, IPv4: 0, IPv6: 3, Min Delay: -1 ms, Max Speed: 0.00 M/s, Avg Speed: 0.00 M/s, Max Resolution: None
Category: 🎬电影频道, Name: 淘电影, Total: 8, Valid: 0, Valid Percent: 0.00%, Whitelist: 0, IPv4: 0, IPv6: 8, Min Delay: -1 ms, Max Speed: 0.00 M/s, Avg Speed: 0.00 M/s, Max Resolution: None
Category: 🎬电影频道, Name: NewTV惊悚悬疑, Total: 9, Valid: 0, Valid Percent: 0.00%, Whitelist: 0, IPv4: 0, IPv6: 9, Min Delay: -1 ms, Max Speed: 0.00 M/s, Avg Speed: 0.00 M/s, Max Resolution: None
Category: 🎬电影频道, Name: NewTV动作电影, Total: 3, Valid: 0, Valid Percent: 0.00%, Whitelist: 0, IPv4: 0, IPv6: 3, Min Delay: -1 ms, Max Speed: 0.00 M/s, Avg Speed: 0.00 M/s, Max Resolution: None
Category: 🎬电影频道, Name: 纬来电影, Total: 14, Valid: 0, Valid Percent: 0.00%, Whitelist: 0, IPv4: 0, IPv6: 14, Min Delay: -1 ms, Max Speed: 0.00 M/s, Avg Speed: 0.00 M/s, Max Resolution: None
Category: 🎬电影频道, Name: 靖天映画, Total: 7, Valid: 1, Valid Percent: 14.29%, Whitelist: 0, IPv4: 1, IPv6: 6, Min Delay: 21 ms, Max Speed: 14.41 M/s, Avg Speed: 14.41 M/s, Max Resolution: 1920x1080
Category: 🎬电影频道, Name: 靖天戏剧, Total: 13, Valid: 1, Valid Percent: 7.69%, Whitelist: 0, IPv4: 1, IPv6: 12, Min Delay: 25 ms, Max Speed: 12.22 M/s, Avg Speed: 12.22 M/s, Max Resolution: 1920x1080
Category: 🎬电影频道, Name: 经典电影, Total: 7, Valid: 1, Valid Percent: 14.29%, Whitelist: 0, IPv4: 1, IPv6: 6, Min Delay: 23 ms, Max Speed: 13.60 M/s, Avg Speed: 13.60 M/s, Max Resolution: 1920x1080
Category: 🎬电影频道, Name: IPTV经典电影, Total: 1, Valid: 1, Valid Percent: 100.00%, Whitelist: 0, IPv4: 1, IPv6: 0, Min Delay: 80 ms, Max Speed: 5.86 M/s, Avg Speed: 5.86 M/s, Max Resolution: 1920x1080
Category: 🎬电影频道, Name: 天映经典, Total: 22, Valid: 2, Valid Percent: 9.09%, Whitelist: 0, IPv4: 2, IPv6: 20, Min Delay: 26 ms, Max Speed: 18.01 M/s, Avg Speed: 14.99 M/s, Max Resolution: 1920x1080
Category: 🎬电影频道, Name: 无线星河, Total: 7, Valid: 0, Valid Percent: 0.00%, Whitelist: 0, IPv4: 0, IPv6: 7, Min Delay: -1 ms, Max Speed: 0.00 M/s, Avg Speed: 0.00 M/s, Max Resolution: None
Category: 🎬电影频道, Name: 星空卫视, Total: 6, Valid: 1, Valid Percent: 16.67%, Whitelist: 0, IPv4: 1, IPv6: 5, Min Delay: 23 ms, Max Speed: 13.49 M/s, Avg Speed: 13.49 M/s, Max Resolution: 1920x1080
Category: 🎬电影频道, Name: 东森电影, Total: 2, Valid: 0, Valid Percent: 0.00%, Whitelist: 0, IPv4: 0, IPv6: 2, Min Delay: -1 ms, Max Speed: 0.00 M/s, Avg Speed: 0.00 M/s, Max Resolution: None
Category: 🎬电影频道, Name: 龙祥电影, Total: 1, Valid: 0, Valid Percent: 0.00%, Whitelist: 0, IPv4: 0, IPv6: 1, Min Delay: -1 ms, Max Speed: 0.00 M/s, Avg Speed: 0.00 M/s, Max Resolution: None
Category: 🎬电影频道, Name: 东森洋片, Total: 11, Valid: 1, Valid Percent: 9.09%, Whitelist: 0, IPv4: 1, IPv6: 10, Min Delay: 30 ms, Max Speed: 10.39 M/s, Avg Speed: 10.39 M/s, Max Resolution: 1920x1080
Category: 🎬电影频道, Name: 东森超视, Total: 10, Valid: 0, Valid Percent: 0.00%, Whitelist: 0, IPv4: 0, IPv6: 10, Min Delay: -1 ms, Max Speed: 0.00 M/s, Avg Speed: 0.00 M/s, Max Resolution: None
Category: 🏀体育频道, Name: CCTV-5, Total: 74, Valid: 0, Valid Percent: 0.00%, Whitelist: 0, IPv4: 0, IPv6: 74, Min Delay: -1 ms, Max Speed: 0.00 M/s, Avg Speed: 0.00 M/s, Max Resolution: None
Category: 🏀体育频道, Name: CCTV-5+, Total: 11, Valid: 0, Valid Percent: 0.00%, Whitelist: 0, IPv4: 0, IPv6: 11, Min Delay: -1 ms, Max Speed: 0.00 M/s, Avg Speed: 0.00 M/s, Max Resolution: None
Category: 🏀体育频道, Name: 广东体育, Total: 54, Valid: 0, Valid Percent: 0.00%, Whitelist: 0, IPv4: 0, IPv6: 54, Min Delay: -1 ms, Max Speed: 0.00 M/s, Avg Speed: 0.00 M/s, Max Resolution: None
Category: 🏀体育频道, Name: 纬来体育, Total: 5, Valid: 0, Valid Percent: 0.00%, Whitelist: 0, IPv4: 0, IPv6: 5, Min Delay: -1 ms, Max Speed: 0.00 M/s, Avg Speed: 0.00 M/s, Max Resolution: None
Category: 🏀体育频道, Name: 五星体育, Total: 37, Valid: 0, Valid Percent: 0.00%, Whitelist: 0, IPv4: 0, IPv6: 37, Min Delay: -1 ms, Max Speed: 0.00 M/s, Avg Speed: 0.00 M/s, Max Resolution: None
Category: 🏀体育频道, Name: 劲爆体育, Total: 2, Valid: 0, Valid Percent: 0.00%, Whitelist: 0, IPv4: 0, IPv6: 2, Min Delay: -1 ms, Max Speed: 0.00 M/s, Avg Speed: 0.00 M/s, Max Resolution: None
Category: 🏀体育频道, Name: 爱体育, Total: 5, Valid: 0, Valid Percent: 0.00%, Whitelist: 0, IPv4: 0, IPv6: 5, Min Delay: -1 ms, Max Speed: 0.00 M/s, Avg Speed: 0.00 M/s, Max Resolution: None
Category: 🏀体育频道, Name: 广州竞赛, Total: 9, Valid: 0, Valid Percent: 0.00%, Whitelist: 0, IPv4: 0, IPv6: 9, Min Delay: -1 ms, Max Speed: 0.00 M/s, Avg Speed: 0.00 M/s, Max Resolution: None
Category: 🏀体育频道, Name: 辽宁体育, Total: 1, Valid: 1, Valid Percent: 100.00%, Whitelist: 0, IPv4: 1, IPv6: 0, Min Delay: 10989 ms, Max Speed: 0.00 M/s, Avg Speed: 0.00 M/s, Max Resolution: None
Category: 🏀体育频道, Name: 山东体育, Total: 10, Valid: 0, Valid Percent: 0.00%, Whitelist: 0, IPv4: 0, IPv6: 10, Min Delay: -1 ms, Max Speed: 0.00 M/s, Avg Speed: 0.00 M/s, Max Resolution: None
Category: 🏀体育频道, Name: 天津体育, Total: 1, Valid: 1, Valid Percent: 100.00%, Whitelist: 0, IPv4: 1, IPv6: 0, Min Delay: 777 ms, Max Speed: 0.80 M/s, Avg Speed: 0.80 M/s, Max Resolution: 1920x1080
Category: 🏀体育频道, Name: 江苏体育, Total: 10, Valid: 0, Valid Percent: 0.00%, Whitelist: 0, IPv4: 0, IPv6: 10, Min Delay: -1 ms, Max Speed: 0.00 M/s, Avg Speed: 0.00 M/s, Max Resolution: None
Category: 🏀体育频道, Name: 安徽综艺体育, Total: 5, Valid: 0, Valid Percent: 0.00%, Whitelist: 0, IPv4: 0, IPv6: 5, Min Delay: -1 ms, Max Speed: 0.00 M/s, Avg Speed: 0.00 M/s, Max Resolution: None
Category: 🏀体育频道, Name: 睛彩篮球, Total: 2, Valid: 0, Valid Percent: 0.00%, Whitelist: 0, IPv4: 0, IPv6: 2, Min Delay: -1 ms, Max Speed: 0.00 M/s, Avg Speed: 0.00 M/s, Max Resolution: None
Category: 🏀体育频道, Name: 睛彩广场舞, Total: 8, Valid: 0, Valid Percent: 0.00%, Whitelist: 0, IPv4: 0, IPv6: 8, Min Delay: -1 ms, Max Speed: 0.00 M/s, Avg Speed: 0.00 M/s, Max Resolution: None
Category: 🏀体育频道, Name: 风云足球, Total: 4, Valid: 0, Valid Percent: 0.00%, Whitelist: 0, IPv4: 0, IPv6: 4, Min Delay: -1 ms, Max Speed: 0.00 M/s, Avg Speed: 0.00 M/s, Max Resolution: None
Category: 🏀体育频道, Name: 魅力足球, Total: 7, Valid: 0, Valid Percent: 0.00%, Whitelist: 0, IPv4: 0, IPv6: 7, Min Delay: -1 ms, Max Speed: 0.00 M/s, Avg Speed: 0.00 M/s, Max Resolution: None
Category: 🏀体育频道, Name: 天元围棋, Total: 1, Valid: 0, Valid Percent: 0.00%, Whitelist: 0, IPv4: 0, IPv6: 1, Min Delay: -1 ms, Max Speed: 0.00 M/s, Avg Speed: 0.00 M/s, Max Resolution: None
Category: 🏀体育频道, Name: 快乐垂钓, Total: 21, Valid: 1, Valid Percent: 4.76%, Whitelist: 0, IPv4: 1, IPv6: 20, Min Delay: 532 ms, Max Speed: 0.84 M/s, Avg Speed: 0.84 M/s, Max Resolution: 1920x1080
Category: 🏀体育频道, Name: JJ斗地主, Total: 1, Valid: 0, Valid Percent: 0.00%, Whitelist: 0, IPv4: 0, IPv6: 1, Min Delay: -1 ms, Max Speed: 0.00 M/s, Avg Speed: 0.00 M/s, Max Resolution: None
Category: 🪁动画频道, Name: 卡酷动画, Total: 30, Valid: 0, Valid Percent: 0.00%, Whitelist: 0, IPv4: 0, IPv6: 30, Min Delay: -1 ms, Max Speed: 0.00 M/s, Avg Speed: 0.00 M/s, Max Resolution: None
Category: 🪁动画频道, Name: 动漫秀场, Total: 11, Valid: 0, Valid Percent: 0.00%, Whitelist: 0, IPv4: 0, IPv6: 11, Min Delay: -1 ms, Max Speed: 0.00 M/s, Avg Speed: 0.00 M/s, Max Resolution: None
Category: 🪁动画频道, Name: 新动漫, Total: 30, Valid: 0, Valid Percent: 0.00%, Whitelist: 0, IPv4: 0, IPv6: 30, Min Delay: -1 ms, Max Speed: 0.00 M/s, Avg Speed: 0.00 M/s, Max Resolution: None
Category: 🪁动画频道, Name: 爱动漫, Total: 4, Valid: 0, Valid Percent: 0.00%, Whitelist: 0, IPv4: 0, IPv6: 4, Min Delay: -1 ms, Max Speed: 0.00 M/s, Avg Speed: 0.00 M/s, Max Resolution: None
Category: 🪁动画频道, Name: CN卡通, Total: 3, Valid: 1, Valid Percent: 33.33%, Whitelist: 0, IPv4: 1, IPv6: 2, Min Delay: 27 ms, Max Speed: 11.32 M/s, Avg Speed: 11.32 M/s, Max Resolution: 1920x1080
Category: 🪁动画频道, Name: 优漫卡通, Total: 3, Valid: 0, Valid Percent: 0.00%, Whitelist: 0, IPv4: 0, IPv6: 3, Min Delay: -1 ms, Max Speed: 0.00 M/s, Avg Speed: 0.00 M/s, Max Resolution: None
Category: 🪁动画频道, Name: 金鹰卡通, Total: 10, Valid: 0, Valid Percent: 0.00%, Whitelist: 0, IPv4: 0, IPv6: 10, Min Delay: -1 ms, Max Speed: 0.00 M/s, Avg Speed: 0.00 M/s, Max Resolution: None
Category: 🪁动画频道, Name: 炫动卡通, Total: 29, Valid: 0, Valid Percent: 0.00%, Whitelist: 0, IPv4: 0, IPv6: 29, Min Delay: -1 ms, Max Speed: 0.00 M/s, Avg Speed: 0.00 M/s, Max Resolution: None
Category: 🪁动画频道, Name: 浙江少儿, Total: 4, Valid: 0, Valid Percent: 0.00%, Whitelist: 0, IPv4: 0, IPv6: 4, Min Delay: -1 ms, Max Speed: 0.00 M/s, Avg Speed: 0.00 M/s, Max Resolution: None
Category: 🪁动画频道, Name: 河北少儿科教, Total: 10, Valid: 0, Valid Percent: 0.00%, Whitelist: 0, IPv4: 0, IPv6: 10, Min Delay: -1 ms, Max Speed: 0.00 M/s, Avg Speed: 0.00 M/s, Max Resolution: None
Category: 🪁动画频道, Name: 七龙珠, Total: 1, Valid: 0, Valid Percent: 0.00%, Whitelist: 0, IPv4: 0, IPv6: 1, Min Delay: -1 ms, Max Speed: 0.00 M/s, Avg Speed: 0.00 M/s, Max Resolution: None
Category: 🪁动画频道, Name: 火影忍者, Total: 1, Valid: 0, Valid Percent: 0.00%, Whitelist: 0, IPv4: 0, IPv6: 1, Min Delay: -1 ms, Max Speed: 0.00 M/s, Avg Speed: 0.00 M/s, Max Resolution: None
Category: 🪁动画频道, Name: 海绵宝宝, Total: 1, Valid: 0, Valid Percent: 0.00%, Whitelist: 0, IPv4: 0, IPv6: 1, Min Delay: -1 ms, Max Speed: 0.00 M/s, Avg Speed: 0.00 M/s, Max Resolution: None
Category: 🪁动画频道, Name: 中华小当家, Total: 2, Valid: 0, Valid Percent: 0.00%, Whitelist: 0, IPv4: 0, IPv6: 2, Min Delay: -1 ms, Max Speed: 0.00 M/s, Avg Speed: 0.00 M/s, Max Resolution: None
Category: 🪁动画频道, Name: 猫和老鼠, Total: 2, Valid: 0, Valid Percent: 0.00%, Whitelist: 0, IPv4: 0, IPv6: 2, Min Delay: -1 ms, Max Speed: 0.00 M/s, Avg Speed: 0.00 M/s, Max Resolution: None
Category: 🪁动画频道, Name: 蜡笔小新, Total: 1, Valid: 1, Valid Percent: 100.00%, Whitelist: 0, IPv4: 1, IPv6: 0, Min Delay: 71 ms, Max Speed: 5.89 M/s, Avg Speed: 5.89 M/s, Max Resolution: 1920x1080
Category: 🪁动画频道, Name: 漫画解说, Total: 2, Valid: 0, Valid Percent: 0.00%, Whitelist: 0, IPv4: 0, IPv6: 2, Min Delay: -1 ms, Max Speed: 0.00 M/s, Avg Speed: 0.00 M/s, Max Resolution: None
Category: 🎮游戏频道, Name: 游戏风云, Total: 3, Valid: 0, Valid Percent: 0.00%, Whitelist: 0, IPv4: 0, IPv6: 3, Min Delay: -1 ms, Max Speed: 0.00 M/s, Avg Speed: 0.00 M/s, Max Resolution: None
Category: 🎮游戏频道, Name: 爱电竞, Total: 1, Valid: 0, Valid Percent: 0.00%, Whitelist: 0, IPv4: 0, IPv6: 1, Min Delay: -1 ms, Max Speed: 0.00 M/s, Avg Speed: 0.00 M/s, Max Resolution: None
Category: 🎵音乐频道, Name: CCTV-15, Total: 33, Valid: 0, Valid Percent: 0.00%, Whitelist: 0, IPv4: 0, IPv6: 33, Min Delay: -1 ms, Max Speed: 0.00 M/s, Avg Speed: 0.00 M/s, Max Resolution: None
Category: 🎵音乐频道, Name: 风云音乐, Total: 2, Valid: 0, Valid Percent: 0.00%, Whitelist: 0, IPv4: 0, IPv6: 2, Min Delay: -1 ms, Max Speed: 0.00 M/s, Avg Speed: 0.00 M/s, Max Resolution: None
Category: 🎵音乐频道, Name: 音乐现场, Total: 2, Valid: 2, Valid Percent: 100.00%, Whitelist: 0, IPv4: 2, IPv6: 0, Min Delay: 18 ms, Max Speed: 5.50 M/s, Avg Speed: 4.93 M/s, Max Resolution: None
Category: 🎵音乐频道, Name: 潮流音乐, Total: 1, Valid: 1, Valid Percent: 100.00%, Whitelist: 0, IPv4: 1, IPv6: 0, Min Delay: 256 ms, Max Speed: 1.53 M/s, Avg Speed: 1.53 M/s, Max Resolution: None
Category: 🎵音乐频道, Name: 音乐广播, Total: 28, Valid: 0, Valid Percent: 0.00%, Whitelist: 0, IPv4: 0, IPv6: 28, Min Delay: -1 ms, Max Speed: 0.00 M/s, Avg Speed: 0.00 M/s, Max Resolution: None
Category: 🏛经典剧场, Name: 笑傲江湖, Total: 1, Valid: 0, Valid Percent: 0.00%, Whitelist: 0, IPv4: 0, IPv6: 1, Min Delay: -1 ms, Max Speed: 0.00 M/s, Avg Speed: 0.00 M/s, Max Resolution: None
Category: 🏛经典剧场, Name: 天龙八部, Total: 1, Valid: 0, Valid Percent: 0.00%, Whitelist: 0, IPv4: 0, IPv6: 1, Min Delay: -1 ms, Max Speed: 0.00 M/s, Avg Speed: 0.00 M/s, Max Resolution: None
Category: 🏛经典剧场, Name: 鹿鼎记, Total: 1, Valid: 1, Valid Percent: 100.00%, Whitelist: 0, IPv4: 1, IPv6: 0, Min Delay: 2102 ms, Max Speed: 0.20 M/s, Avg Speed: 0.20 M/s, Max Resolution: 800x600
Category: 🏛经典剧场, Name: 仙剑奇侠传, Total: 1, Valid: 1, Valid Percent: 100.00%, Whitelist: 0, IPv4: 1, IPv6: 0, Min Delay: 2911 ms, Max Speed: 1.12 M/s, Avg Speed: 1.12 M/s, Max Resolution: 1920x1080
Category: 🏛经典剧场, Name: 西游记, Total: 3, Valid: 0, Valid Percent: 0.00%, Whitelist: 0, IPv4: 0, IPv6: 3, Min Delay: -1 ms, Max Speed: 0.00 M/s, Avg Speed: 0.00 M/s, Max Resolution: None
Category: 🏛经典剧场, Name: 三国演义, Total: 1, Valid: 0, Valid Percent: 0.00%, Whitelist: 0, IPv4: 0, IPv6: 1, Min Delay: -1 ms, Max Speed: 0.00 M/s, Avg Speed: 0.00 M/s, Max Resolution: None
Category: 🏛经典剧场, Name: 水浒传, Total: 1, Valid: 0, Valid Percent: 0.00%, Whitelist: 0, IPv4: 0, IPv6: 1, Min Delay: -1 ms, Max Speed: 0.00 M/s, Avg Speed: 0.00 M/s, Max Resolution: None
Category: 🏛经典剧场, Name: 新白娘子传奇, Total: 1, Valid: 1, Valid Percent: 100.00%, Whitelist: 0, IPv4: 1, IPv6: 0, Min Delay: 1881 ms, Max Speed: 0.19 M/s, Avg Speed: 0.19 M/s, Max Resolution: 800x600
Category: 🏛经典剧场, Name: 封神榜, Total: 1, Valid: 1, Valid Percent: 100.00%, Whitelist: 0, IPv4: 1, IPv6: 0, Min Delay: 358 ms, Max Speed: 0.78 M/s, Avg Speed: 0.78 M/s, Max Resolution: 1920x1080
